NumAttr,NumOps,NumPubOps,Setters,Getters,Dep_Out,Dep_In,EC_Attr,IC_Attr,EC_Par,IC_Par,Barycenter,Betweenness,Closeness,Eigenvector,HITS.hub,HITS.authority,PageRank,Barycenter-W,Betweenness-W,Closeness-W,Eigenvector-W,HITS.hub-W,HITS.authority-W,PageRank-W,KeyDesign
16,41,14,6,3,18,3,0,8,0,41,0.126315789,0.000203869,0.007366483,9.28E-10,0.003282935,5.71E-06,0.004012464,0.174629683,0.00104653,0.000166161,3.71E-182,0.012986952,0.00227921,0.001027248,0
20,90,32,12,13,27,11,3,11,11,85,0.168421053,0.003953368,0.088665467,0.21160959,0.003365347,0.000542503,0.026259385,0.216671507,0.032012199,0.011713103,1.05E-09,0.031645021,0.014292196,0.004573419,1
2,3,3,0,2,4,0,0,2,0,4,0,0,0,4.40E-13,0,0,0.000813884,0.033691548,1.70E-05,0.003177323,4.52E-11,0.001016182,0.00014051,0.000473677,0
2,4,4,0,3,6,0,0,2,0,5,0,0,0,4.40E-13,0,0,0.000813884,0,0,0,3.72E-189,0,0,0.000434363,0
8,22,4,5,6,10,1,1,6,2,20,0,0,0.005099873,7.73E-09,0,6.23E-06,0.001167358,0.059976764,0.001810191,0.003909399,4.72E-10,0.000292896,0.003125141,0.00060496,0
3,18,8,3,2,8,0,0,2,0,17,0.031578947,0,0,4.40E-13,1.31E-05,0,0.000813884,0.052497822,8.49E-05,0.00626151,7.57E-11,0.02274872,0.000669862,0.000505731,0
1,4,4,0,0,2,0,0,0,0,1,0.031578947,0,0,4.40E-13,0.000308276,0,0.000813884,0.056709265,1.36E-05,0.002926807,5.09E-11,0.013686236,0.000105102,0.000485737,0
3,11,6,1,1,10,0,0,3,0,13,0.031578947,0,0,4.40E-13,0.000308276,0,0.000813884,0.062300319,0.000545351,0.003315566,1.55E-10,0.002412113,1.28E-05,0.000644718,0
1,4,4,0,0,2,0,0,0,0,1,0.031578947,0,0,4.40E-13,0.000308276,0,0.000813884,0.05699971,3.06E-05,0.002934138,5.09E-11,0.012709571,0.000211047,0.000471445,0
5,13,6,1,1,9,0,0,3,0,15,0.031578947,0,0,4.40E-13,0.000308276,0,0.000813884,0.069053151,0.000555544,0.003325157,1.55E-10,0.004843586,1.28E-05,0.000644718,0
1,3,3,0,0,5,3,0,0,0,2,0.031578947,2.72E-05,0.007857581,7.76E-09,0.019243782,0.016168032,0.001812628,0.004284055,0.000288815,0.003862325,5.31E-170,1.92E-05,4.12E-06,0.000864843,0
0,4,4,0,1,8,1,0,0,0,6,0.084210526,1.70E-05,0.001841621,1.67E-11,0.01971763,-1.82E-19,0.001505441,0.005227999,0.000285417,0.002844963,2.78E-174,1.12E-05,1.37E-08,0.000560182,0
1,7,7,1,2,9,1,0,1,0,9,0.084210526,1.70E-05,0.001841621,1.67E-11,0.01971763,-1.76E-20,0.001505441,0.005227999,2.72E-05,0.002535757,4.64E-174,1.12E-05,6.88E-10,0.000762559,0
3,17,16,2,7,8,1,2,1,0,23,0.031578947,3.40E-06,0.001841621,1.67E-11,0.019480671,0.007402047,0.000900329,0.005881499,0.000258235,0.001931578,1.47E-175,8.87E-05,0.001296092,0.000471052,0
0,3,3,0,1,4,0,0,0,0,3,0.315789474,0,0,4.40E-13,1.59E-07,0,0.000813884,0.187118792,0,0,3.72E-189,9.99E-06,0,0.000434363,0
4,4,3,1,1,4,0,0,3,0,4,0,0,0,4.40E-13,0,0,0.000813884,0.005663665,0.002065877,0.003148032,2.60E-176,6.08E-05,0.000228722,0.000440837,0
0,3,3,0,1,4,0,0,0,0,3,0.221052632,0,0,4.40E-13,1.59E-07,0,0.000813884,0.12467325,0,0,3.72E-189,1.26E-05,0,0.000434363,0
4,11,9,2,2,4,1,1,2,1,3,0.031578947,6.80E-06,0.001841621,0.060459205,5.48E-05,5.20E-19,0.001983212,0.002686611,0.000536856,0.002744836,5.34E-47,8.84E-06,2.65E-06,0.001151778,0
3,5,4,1,1,2,1,1,1,0,1,0.052631579,0,0.001841621,0.060459205,2.26E-20,1.50E-05,0.001375554,0.005082777,0,0.002075661,6.97E-47,4.05E-08,7.28E-07,0.000781073,0
0,4,4,0,1,8,3,0,0,0,6,0.052631579,3.40E-05,0.006577217,6.35E-10,0.01971763,0.016168032,0.001897358,0.004574499,4.08E-05,0.003018785,1.06E-171,1.12E-05,4.87E-07,0.000939147,0
0,3,3,0,2,6,0,0,0,0,6,0.147368421,0,0,4.40E-13,-7.63E-22,0,0.000813884,0.015030497,0.000387352,0.003375817,1.30E-176,9.48E-09,0.000114361,0.0004376,0
1,3,3,0,2,5,0,0,0,0,4,0.147368421,0,0,4.40E-13,-7.90E-21,0,0.000813884,0.008931165,0.000516469,0.002949044,3.90E-176,9.42E-07,0.000343083,0.000444075,0
0,9,9,1,1,8,0,0,0,0,13,0.031578947,0,0,4.40E-13,0.019477824,0,0.000813884,0.03710427,0,0,3.72E-189,2.48E-05,0,0.000434363,0
0,0,0,0,0,1,0,0,0,0,0,0,0,0,4.40E-13,0,0,0.000813884,0,0,0.003220466,2.17E-176,0,0.000190602,0.000439758,0
12,54,29,7,13,29,0,0,5,0,57,0.347368421,0,0,4.40E-13,0.02708137,0,0.000813884,0.140429858,0.006232823,0.003544001,1.44E-178,0.007873861,0.000551097,0.000502744,0
0,2,1,0,1,5,0,0,0,0,4,0.178947368,0,0,4.40E-13,1.96E-05,0,0.000813884,0.089819924,0,0.003544001,1.44E-178,0.00034796,0.000551097,0.000502744,0
0,4,4,0,1,4,0,0,0,0,2,0.221052632,0,0,4.40E-13,4.63E-06,0,0.000813884,0.142390357,0,0,3.72E-189,5.38E-05,0,0.000434363,0
1,7,6,1,2,8,0,0,1,0,9,0.052631579,0,0,4.40E-13,0.01971763,0,0.000813884,0.004574499,0,0,3.72E-189,1.12E-05,0,0.000434363,0
0,1,1,0,0,1,4,0,0,0,0,0,0,0.007673419,0.060459205,0,0.001232033,0.002297629,0,0,0.00347741,5.72E-47,0,1.56E-06,0.001207359,0
0,3,3,0,1,4,0,0,0,0,3,0.221052632,0,0,4.40E-13,4.15E-06,0,0.000813884,0.141155969,0,0,3.72E-189,2.50E-05,0,0.000434363,0
4,14,14,2,5,4,0,0,1,0,4,0.010526316,0,0,4.40E-13,1.24E-21,0,0.000813884,0.000290444,0,0.002681476,5.57E-174,1.73E-05,2.65E-06,0.000487892,0
2,9,9,1,2,6,0,0,2,0,7,0.021052632,0,0,4.40E-13,5.42E-05,0,0.000813884,0.002759222,0,0.002681476,5.57E-174,2.62E-05,2.65E-06,0.000487892,0
1,7,6,1,2,9,0,0,1,0,9,0.052631579,0,0,4.40E-13,0.01971763,0,0.000813884,0.068617485,0.000645587,0.003375817,1.30E-176,0.000261321,0.000114361,0.0004376,0
0,3,3,0,1,4,0,0,0,0,3,0.294736842,0,0,4.40E-13,4.15E-06,0,0.000813884,0.195251234,0,0,3.72E-189,1.06E-05,0,0.000434363,0
1,7,6,1,2,9,0,0,1,0,9,0.084210526,0,0,4.40E-13,0.01971763,0,0.000813884,0.005227999,1.36E-05,0.001902922,1.05E-173,1.12E-05,1.29E-06,0.000458876,0
1,8,4,0,1,4,1,0,1,0,6,0.031578947,6.80E-06,0.001841621,1.67E-11,1.31E-05,-2.06E-20,0.001505441,0.041678769,0,0.002539295,8.35E-174,0.008611791,3.96E-05,0.000649489,0
2,9,9,0,7,6,0,0,1,0,10,0,0,0,4.40E-13,0,0,0.000813884,0.002904444,0,0,3.72E-189,8.20E-08,0,0.000434363,0
0,2,2,0,1,4,0,0,0,0,3,0.031578947,0,0,4.40E-13,1.96E-05,0,0.000813884,0.02388905,0,0,3.72E-189,0.00023013,0,0.000434363,0
2,7,7,0,4,2,0,0,2,0,3,0,0,0,4.40E-13,0,0,0.000813884,0.004356666,0,0.000240211,0.48022284,4.47E-07,9.38E-135,0.00429496,0
4,42,40,7,7,10,0,0,3,0,34,0,0,0,4.40E-13,0,0,0.000813884,0.001307,6.80E-06,0.000220994,0.877146524,2.58E-136,4.88E-06,0.004713537,0
0,2,2,0,0,3,0,0,0,0,2,0.063157895,0,0,4.40E-13,-8.94E-22,0,0.000813884,0.031658437,0.000268428,0.002949044,3.90E-176,0.000907766,0.000364386,0.000478066,0
1,6,5,1,2,4,0,0,0,0,3,0.231578947,0,0,4.40E-13,6.86E-05,0,0.000813884,0.212097008,0,0,3.72E-189,0.000368323,0,0.000434363,0
2,36,24,7,9,11,1,0,0,1,27,0.105263158,2.04E-05,0.001841621,1.67E-11,4.38E-05,1.88E-05,0.001159663,0.207885565,0.00010776,0.003629205,1.44E-178,0.001559388,0.000565362,0.000608231,0
1,4,4,0,0,4,0,0,1,0,4,0.031578947,0,0,4.40E-13,1.31E-05,0,0.000813884,0.03579727,0.000509674,0.003544001,1.44E-178,0.008362766,0.000551097,0.000502744,0
3,1,1,0,0,4,0,0,1,0,2,0.010526316,0,0,4.40E-13,-6.13E-20,0,0.000813884,0.02185594,0,0,3.72E-189,0.000244903,0,0.000434363,0
2,8,8,1,4,4,2,0,1,0,5,0,0,0.006445672,7.75E-09,0,6.30E-06,0.001858914,0,0,0.005636832,1.58E-10,0,0.001256213,0.000578372,0
1,3,2,0,0,3,1,1,0,1,4,0.126315789,1.70E-05,0.001841621,1.67E-11,-2.32E-20,-5.37E-20,0.001505441,0.030932326,0.000161397,0.003290543,3.90E-176,0.000842819,7.91E-06,0.001010436,0
1,3,2,0,0,3,1,1,0,1,4,0.126315789,1.70E-05,0.001841621,1.67E-11,-2.32E-20,8.89E-20,0.001505441,0.030932326,0.000173289,0.00371574,1.74E-43,0.000509737,0.000196018,0.000880296,0
0,2,2,0,0,3,1,1,0,1,2,0.010526316,3.40E-06,0.001841621,1.67E-11,-6.13E-20,3.04E-19,0.001505441,0.015683997,0.000112128,0.000141663,5.96E-186,0.000857491,4.99E-149,0.000803567,0
1,6,6,1,1,4,2,1,1,2,8,0.010526316,6.80E-06,0.005115613,4.04E-09,-1.15E-20,0.000456967,0.001679267,0.045962823,1.70E-05,0.000455847,4.88E-181,5.21E-05,1.85E-05,0.000754324,0
1,6,6,1,1,6,3,6,1,2,7,0.010526316,1.36E-05,0.006577217,4.35E-09,-1.15E-20,0.000468505,0.002007765,0.045962823,0.000251439,0.002708827,7.79E-176,6.70E-05,9.99E-05,0.001336631,0
2,9,6,1,1,6,1,1,2,1,8,0.147368421,2.21E-05,0.001841621,1.67E-11,0.001932776,0.000445709,0.001159663,0.08952948,0.000643888,0.003569647,1.44E-178,0.000745796,0.000552069,0.000802723,0
1,6,4,1,1,5,1,1,1,1,6,0.263157895,3.74E-05,0.001841621,1.67E-11,0.00071111,0.000445709,0.001159663,0.082268371,5.27E-05,0.003577043,1.44E-178,0.005605862,0.000555591,0.000657572,0
0,15,14,0,0,12,2,1,0,1,15,0.052631579,2.72E-05,0.004143646,3.26E-10,4.07E-05,1.15E-05,0.001833939,0.051263433,0.000163096,0.000517956,1.10E-183,4.65E-05,1.06E-06,0.000823435,0
1,2,2,0,1,2,0,0,1,0,2,0,0,0,4.40E-13,0,0,0.000813884,0,0,0.000210471,4.00E-183,0,3.88E-06,0.000507211,0
7,3,1,0,0,7,1,1,2,1,3,0.610526316,3.40E-05,0.001841621,1.67E-11,4.17E-05,0.000445709,0.001159663,0.445832123,5.10E-05,0.000141663,5.96E-186,7.29E-05,1.48E-06,0.000584352,0
0,10,4,0,0,5,1,1,0,1,11,0.063157895,1.02E-05,0.001841621,1.67E-11,1.98E-05,0.000445709,0.001159663,0.042550102,9.46E-05,0.000141663,5.96E-186,0.003395991,8.44E-07,0.000652529,0
4,6,6,0,0,3,1,1,1,1,2,0,0,0.001841621,1.67E-11,0,2.91E-19,0.001505441,0.004138832,6.80E-06,0.000141663,5.96E-186,0.001315674,4.99E-149,0.000803567,0
2,6,4,2,2,3,2,0,1,4,9,0,0,0.012695427,0.211607258,0,9.21E-05,0.004045565,0.044220157,0.000112128,0.00771521,1.68E-09,0.00207517,0.000388375,0.001959879,0
4,18,8,3,4,8,5,5,4,13,22,0.010526316,5.10E-05,0.014798737,0.211607222,4.00E-06,0.00050889,0.003414315,0.054313099,0,0.00240664,2.06E-09,0.004717559,0.002196367,0.002358585,0
0,8,7,0,1,6,2,1,0,1,8,0.210526316,5.44E-05,0.003683241,3.30E-11,0.000234111,4.41E-08,0.001851219,0.144496079,0.002386971,0.003910702,1.44E-178,0.000181389,0.000724958,0.001189865,0
3,7,7,1,2,7,2,2,3,1,7,0,0,0.004910988,6.19E-10,0,9.94E-05,0.002029897,0,0,0.001846172,1.29E-173,0,0.003892767,0.000894676,0
3,23,20,4,4,15,1,1,2,1,22,0.157894737,3.40E-05,0.001841621,1.67E-11,0.025364265,5.50E-19,0.001505441,0.095991868,0.000557243,0.003490719,1.76E-178,0.011038733,0.000747769,0.000847205,0
0,2,2,0,2,3,1,1,0,1,4,0,0,0.001841621,1.67E-11,0,-1.58E-19,0.001505441,0.029407493,0.00010873,0.000263089,3.21E-186,0.000687665,3.50E-176,0.000803567,0
2,16,9,2,5,9,1,1,2,1,16,0.357894737,3.40E-05,0.001841621,1.67E-11,4.84E-05,0.000445709,0.001159663,0.41845774,0.00026503,0.007342542,3.46E-10,0.001935637,0.001385009,0.000786762,0
1,14,9,1,4,8,1,1,1,1,13,0.042105263,1.02E-05,0.001841621,1.67E-11,2.48E-05,1.02E-19,0.001505441,0.043857101,0.000122322,0.000141663,5.96E-186,0.001347228,4.99E-149,0.000803567,0
0,12,7,1,1,6,2,1,0,1,9,0.315789474,4.76E-05,0.047915319,2.47E-07,2.36E-05,1.22E-05,0.004853781,0.398054023,0.001247851,0.003623025,1.44E-178,0.003741223,0.000551787,0.000871948,0
6,28,17,5,4,11,4,4,5,4,21,0.368421053,0.00023445,0.008287293,0.211607218,4.90E-05,0.000480178,0.003261998,0.428187627,0.002330907,0.003735776,7.65E-10,0.004140657,0.000180701,0.0015664,0
1,7,5,1,2,5,1,1,1,0,5,0.547368421,0,0.005099873,0.211607218,2.09E-05,1.34E-05,0.001507002,0.587423758,0,0.001708417,1.31E-09,4.42E-06,0.000942185,0.000832922,0
0,3,3,0,0,3,0,0,0,0,3,0,0,0,4.40E-13,0,0,0.000813884,0,0,0.000635489,6.35E-179,0,9.99E-05,0.000601698,0
0,1,1,0,0,2,0,1,0,0,1,0,0,0,4.40E-13,0,0,0.000813884,0,0,0.00074578,3.97E-179,0,6.24E-05,0.000538947,0
0,3,3,0,0,2,0,0,0,0,3,0.021052632,0,0,4.40E-13,2.17E-05,0,0.000813884,0.066003485,0,0.000843359,2.38E-179,1.74E-05,3.75E-05,0.000497113,0
5,15,6,3,8,16,2,1,5,1,16,0.010526316,6.80E-06,0.003683241,3.30E-11,2.14E-05,0.00045113,0.001851219,0.048722045,8.83E-05,0.000770911,2.63E-181,0.002578954,6.60E-05,0.001082789,0
1,7,5,1,1,5,1,1,1,1,7,0.263157895,3.74E-05,0.001841621,1.67E-11,0.00071111,0.000445709,0.001159663,0.075007261,1.70E-05,0.000141663,5.96E-186,0.003746352,3.80E-06,0.00058919,0
4,35,34,2,3,12,5,2,1,4,32,0.126315789,0.000159698,0.010026601,6.68E-10,0.020948073,0.000102918,0.002902983,0.103180366,0.002851907,0.004381099,2.66E-43,0.004493034,0.003905672,0.001935849,0
0,2,1,0,0,2,0,0,0,0,1,0.063157895,0,0,4.40E-13,2.51E-07,0,0.000813884,0.086915481,0.000856252,0.003399234,3.81E-44,0.000847804,3.07E-05,0.000450307,0
2,7,5,0,0,7,1,1,1,1,9,0.305263158,4.08E-05,0.001841621,1.67E-11,2.09E-05,0.000445709,0.001159663,0.098388034,0.001027842,0.003597367,1.74E-43,0.002112154,0.000202698,0.000656536,0
1,6,4,1,1,3,0,0,1,0,3,0.031578947,0,0,4.40E-13,0.000308276,0,0.000813884,0.105794365,0,0.003145945,8.89E-44,0.002717771,7.09E-05,0.000465713,0
1,8,6,0,1,8,0,0,1,0,9,0.273684211,0,0,4.40E-13,0.00032894,0,0.000813884,0.101292477,0.000365266,0.003583694,1.74E-43,0.002093177,0.000195772,0.000511092,0
4,11,7,1,1,6,1,1,2,1,8,0.242105263,3.06E-05,0.001841621,1.67E-11,1.76E-05,0.000445709,0.001159663,0.220302062,0.000250695,0.004034348,1.44E-178,0.012553359,0.001047368,0.000819553,0
3,11,10,2,2,8,2,1,2,1,15,0.031578947,3.06E-05,0.004143646,3.26E-10,0.019477824,1.12E-19,0.002784873,0.024469939,0.000257749,0.003706406,7.14E-173,0.000334344,0.000801138,0.001326175,0
0,7,6,0,0,4,1,1,0,1,6,0.115789474,1.70E-05,0.001841621,1.67E-11,1.96E-05,0.000445709,0.001159663,0.159744409,0.000604813,0.003577043,1.44E-178,0.019956183,0.000558668,0.000648188,0
1,18,9,1,5,9,1,0,1,0,18,0.052631579,2.72E-05,0.002455494,3.10E-10,0.000106242,2.37E-20,0.002093316,0.047632878,3.74E-05,0.001122939,2.86E-181,0.001765366,1.11E-05,0.000880944,0
0,3,2,0,0,3,1,0,0,0,2,0.315789474,9.51E-05,0.002455494,3.10E-10,2.36E-05,4.88E-19,0.002093316,0.243465001,0.000677016,0.000566653,5.88E-184,7.18E-05,8.84E-08,0.000690496,0
0,5,5,0,0,5,1,1,0,1,9,0.073684211,1.36E-05,0.001841621,1.67E-11,4.85E-21,-6.02E-21,0.001505441,0.034562881,0.000122322,0.002990777,4.76E-176,0.00070138,0.000481587,0.000835336,0
0,4,3,0,0,4,1,1,0,1,3,0.357894737,5.78E-05,0.001841621,1.67E-11,6.59E-05,2.62E-19,0.001505441,0.423976184,0.000927606,0.000141663,5.96E-186,0.00013886,4.99E-149,0.000803567,0
0,6,5,0,2,4,1,1,0,1,7,0.031578947,6.80E-06,0.001841621,1.67E-11,8.40E-21,2.08E-19,0.001505441,0.055402265,0.000129117,0.000552486,1.82E-183,0.00020982,3.36E-06,0.00095205,0
13,49,37,7,12,21,2,1,7,1,34,0.252631579,7.48E-05,0.003683241,3.30E-11,0.026725914,0.007490989,0.001591885,0.089311647,0.001040098,0.003514312,4.03E-175,0.010829565,0.004363833,0.000972304,0
2,9,7,3,3,3,0,0,1,0,8,0.031578947,0,0,4.40E-13,0.000308276,0,0.000813884,0.058088876,8.83E-05,0.003488488,9.41E-175,0.012958685,0.00028448,0.000441029,0
3,16,7,2,4,12,2,1,3,1,16,0.105263158,4.08E-05,0.003683241,3.30E-11,0.000359496,0.00045113,0.001851219,0.095991868,0.000601415,0.003669266,1.31E-176,0.01958671,0.000560651,0.000800012,0
2,14,14,0,2,10,3,1,0,2,12,0.189473684,8.15E-05,0.005524862,4.93E-11,0.019249408,9.20E-05,0.002081738,0.15785652,0.001303373,0.004060105,3.00E-74,0.000781939,0.000772044,0.001199402,0
1,6,4,1,1,2,0,0,0,0,1,0.031578947,0,0,4.40E-13,0.000308276,0,0.000813884,0.1511763,0,0.002838354,3.59E-74,0.002698603,0.00011624,0.000467954,0
1,8,6,0,1,7,0,0,1,0,9,0.347368421,0,0,4.40E-13,0.000328466,0,0.000813884,0.149288411,0.000394148,0.003262996,3.72E-74,0.003429964,3.41E-05,0.000547637,0
1,2,2,0,1,2,0,0,1,0,2,0,0,0,4.40E-13,0,0,0.000813884,0,0,0.002854858,4.76E-176,0,3.78E-05,0.000536078,0
3,2,1,0,0,7,1,1,2,1,3,0.526315789,2.38E-05,0.001841621,1.67E-11,6.20E-05,0.000445709,0.001159663,0.43632007,0.001719299,0.003584469,1.44E-178,0.000709597,0.000553264,0.000652733,0
4,10,10,2,2,8,1,0,2,0,9,0.031578947,6.80E-06,0.002455494,3.10E-10,0.019243782,0.005259829,0.001240362,0.008205054,0.000907219,0.004487111,6.54E-44,0.000182392,1.62E-07,0.000925044,0
5,13,5,3,3,5,1,1,0,1,5,0.052631579,1.36E-05,0.001841621,1.67E-11,0.019243782,-3.65E-20,0.001505441,0.009221609,0.001362527,0.004676927,2.99E-43,1.12E-05,0.001736309,0.001347032,0
4,18,13,3,6,11,8,0,1,0,26,0.073684211,0.000521566,0.035934061,4.08E-08,0.023167553,0.044493447,0.006019073,0.063389486,0.002037076,0.010589438,5.81E-44,0.000542977,0.001953063,0.001475782,0
5,9,8,1,1,8,1,1,2,1,7,0.157894737,2.72E-05,0.001841621,1.67E-11,0.002990637,1.24E-20,0.001505441,0.071884984,0.000426993,0.003135176,3.90E-176,0.001189873,0.00054941,0.00084094,0
0,4,4,0,0,2,0,0,0,0,1,0.031578947,0,0,4.40E-13,0.000308276,0,0.000813884,0.044655823,3.74E-05,0.003551322,1.30E-176,0.00860225,0.00018063,0.00044682,0
0,5,4,0,0,7,1,1,0,1,5,0.094736842,1.70E-05,0.001841621,1.67E-11,0.00031198,0.000445709,0.001159663,0.08088876,0.001146199,0.003738093,1.44E-178,0.012436516,0.000686845,0.000737706,0
1,3,2,0,0,3,1,1,0,1,4,0.126315789,1.70E-05,0.001841621,1.67E-11,-2.32E-20,4.73E-19,0.001505441,0.030932326,0.000161397,0.003506116,3.90E-176,0.000620764,3.44E-05,0.001000411,0
1,5,5,1,1,4,0,0,1,0,4,0.063157895,0,0,4.40E-13,5.04E-07,0,0.000813884,0.031077549,9.34E-05,0.003551322,1.30E-176,0.002756536,0.00014799,0.000445827,0
1,5,5,1,1,3,0,0,1,0,4,0.157894737,0,0,4.40E-13,2.16E-05,0,0.000813884,0.041460935,1.70E-06,0.003092581,3.90E-176,0.004239409,0.000443971,0.000468755,0
1,8,4,1,1,10,1,1,1,1,7,0.294736842,4.42E-05,0.001841621,1.67E-11,4.20E-05,0.000445709,0.001159663,0.064769097,0.000891079,0.003738093,1.44E-178,0.010189256,0.000689805,0.000674367,0
2,6,5,0,0,4,1,1,0,1,3,0.221052632,3.06E-05,0.001841621,1.67E-11,2.02E-07,2.87E-19,0.001505441,0.080598315,0.005092367,0.004104427,1.44E-178,0.003135087,0.000912309,0.000953795,0
0,1,1,0,0,3,0,0,0,0,2,0.094736842,0,0,4.40E-13,0.000480042,0,0.000813884,0.024760383,4.19E-05,0.003884545,1.30E-176,0.00025438,4.55E-05,0.000452378,0
3,9,5,0,1,5,1,1,0,1,8,0.252631579,3.40E-05,0.001841621,1.67E-11,1.64E-05,0.000445709,0.001159663,0.11007842,1.02E-05,0.003397677,3.90E-176,0.001965623,0.00013956,0.000666175,0
3,12,11,0,0,10,2,1,1,1,12,0.126315789,4.76E-05,0.003683241,3.30E-11,0.020948073,4.41E-08,0.001851219,0.086407203,0.001320354,0.004192639,1.44E-178,0.000788754,0.000912858,0.001209398,0
3,9,9,1,2,10,2,3,1,1,13,0.031578947,1.02E-05,0.026198539,3.68E-07,0.021675502,0.006408386,0.002529372,0.004574499,2.55E-05,0.003444689,6.52E-43,0.002046887,0.00035549,0.002089284,0
2,9,5,2,2,3,0,0,1,0,4,0.031578947,0,0,4.40E-13,0.000308276,0,0.000813884,0.03049666,6.80E-05,0.003013813,2.50E-50,0.00269388,0.000130338,0.000486169,0
0,6,5,0,0,8,1,1,0,1,8,0.094736842,1.70E-05,0.001841621,1.67E-11,0.000344306,0.000460513,0.001044403,0.084809759,0.000480226,0.003609576,2.72E-50,0.002447418,0.000423272,0.000637203,0
0,4,4,0,0,2,0,0,0,0,1,0.042105263,0,0,4.40E-13,0.003031675,0,0.000813884,0.121042695,0.000854553,0.006383434,3.78E-11,0.017142479,4.68E-05,0.000457862,0
0,4,3,0,1,6,1,1,0,1,3,0.084210526,1.70E-05,0.001841621,1.67E-11,0.000376065,0.000445709,0.001159663,0.136726692,0.001073712,0.006982485,3.46E-10,0.003224954,0.001948004,0.000700384,0
2,7,7,2,0,8,1,1,0,1,9,0.178947368,3.06E-05,0.001841621,1.67E-11,0.003324415,-7.09E-20,0.001505441,0.095338368,0.000669371,0.005640336,6.90E-12,0.001487333,0.000415117,0.000812833,0
0,2,2,0,0,4,0,0,0,0,3,0.105263158,0,0,4.40E-13,-2.39E-21,0,0.000813884,0.035434214,5.44E-05,0.00274986,9.06E-12,0.00036533,0.000259227,0.000636577,0
5,13,10,0,0,13,3,1,3,3,13,0.126315789,9.17E-05,0.005893186,3.42E-10,0.020948073,0.000193957,0.002179717,0.090618647,0.000971778,0.002952565,4.02E-174,0.001953823,0.000676605,0.001051633,0
2,6,2,1,1,5,0,0,2,0,4,0.242105263,0,0,4.40E-13,0.000316701,0,0.000813884,0.143479524,0.000419631,0.003404994,1.30E-176,0.01035768,1.94E-05,0.00048032,0
1,3,2,0,0,8,1,1,1,1,4,0.294736842,4.08E-05,0.001841621,1.67E-11,0.000384491,0.000445709,0.001159663,0.134838803,0.000637092,0.003577043,1.44E-178,0.001335883,0.000552631,0.00072091,0
4,38,32,3,2,14,4,1,1,3,30,0.126315789,0.00018688,0.009023941,9.44E-10,0.022285545,4.65E-06,0.004557052,0.082340982,0.002256697,0.004644693,4.39E-52,0.014047171,0.002362043,0.002201004,0
2,7,7,1,0,2,1,1,0,1,6,0.126315789,2.04E-05,0.001841621,1.67E-11,0.000282248,-1.33E-21,0.001505441,0.289936102,0.000197074,0.004432355,1.44E-178,0.000335605,0.001005127,0.00108743,0
0,2,1,0,0,2,1,1,0,1,1,0.073684211,1.36E-05,0.001841621,1.67E-11,0.000237029,2.10E-20,0.001505441,0.025413883,3.43E-05,0.003038956,3.90E-176,0.000254621,0.000873588,0.000665375,0
1,17,16,2,3,10,1,1,1,1,18,0.084210526,1.70E-05,0.001841621,1.67E-11,0.003873878,-5.67E-20,0.001505441,0.029262271,0.000242944,0.003487374,1.30E-176,0.001084347,0.000289952,0.000807849,0
2,4,4,1,2,2,1,1,0,1,1,0.4,5.10E-05,0.001841621,1.67E-11,-1.99E-21,-2.39E-19,0.001505441,0.120897473,0.000197074,0.000586411,3.51E-51,0.000334134,0.000408503,0.000880782,0
1,3,2,0,0,3,1,1,0,1,4,0.126315789,1.70E-05,0.001841621,1.67E-11,-2.32E-20,-2.14E-20,0.001505441,0.086261981,0.000349976,0.005027199,1.49E-43,0.000703296,0.000202454,0.00091547,0
10,37,31,6,6,17,5,2,3,3,31,0.063157895,0.000193676,0.014798737,1.24E-08,0.022889176,0.006497498,0.004381181,0.075152483,0.004278427,0.006177727,2.28E-43,0.004640568,0.004303144,0.003145174,0
2,8,7,2,2,3,2,0,1,0,3,0.031578947,2.04E-05,0.004143646,3.26E-10,0.000308276,5.79E-06,0.001833939,0.070214929,0.001146766,0.005270684,1.08E-43,0.002720202,0.000139031,0.000708944,0
1,6,4,0,0,7,1,1,0,1,8,0.221052632,3.57E-05,0.001841621,1.67E-11,0.000626554,0.000445709,0.001159663,0.072393262,0.001370456,0.005368878,1.49E-43,0.001942134,0.000822621,0.000750787,0
1,2,2,0,0,3,0,0,0,0,2,0.094736842,0,0,4.40E-13,0.000480042,0,0.000813884,0.083502759,7.48E-05,0.005016665,1.49E-43,0.000280702,0.000202201,0.000546266,0
1,6,4,1,1,3,0,0,1,0,3,0.031578947,0,0,4.40E-13,0.000308276,0,0.000813884,0.083357537,0.000254837,0.003291048,1.25E-59,0.002700531,3.62E-05,0.000446272,0
1,7,6,0,0,7,0,0,0,0,8,0.273684211,0,0,4.40E-13,0.000328466,0,0.000813884,0.094684868,0.000339782,0.003500581,4.18E-59,0.002491629,5.59E-05,0.000583795,0
3,10,9,0,0,8,3,1,1,1,10,0.126315789,0.000163096,0.00906644,1.51E-09,0.020948073,0.005389344,0.003668587,0.089093814,0.00383925,0.005828685,6.20E-74,0.000756953,0.00341246,0.00419533,0
6,14,13,1,1,10,3,1,1,2,13,0.126315789,7.14E-05,0.005524862,4.93E-11,0.020948073,9.20E-05,0.002081738,0.085100203,0.002104281,0.004372563,4.67E-59,0.001282411,0.001087267,0.001328321,0
4,10,6,1,1,6,1,1,2,1,7,0.157894737,2.55E-05,0.001841621,1.67E-11,0.000295363,0.000445709,0.001159663,0.094394423,0.000192543,0.003738093,1.44E-178,0.009249712,0.000686845,0.000737706,0
1,5,4,0,0,4,1,1,0,1,7,0.073684211,1.36E-05,0.001841621,1.67E-11,0.000237029,-1.38E-19,0.001505441,0.033618937,0.000162529,0.003639485,4.18E-59,0.00145264,5.59E-05,0.000952999,0
15,46,38,10,8,20,3,1,4,1,38,0.242105263,0.000237848,0.006577217,6.35E-10,0.029386118,-4.57E-20,0.004064305,0.079726982,0.001474591,0.004366064,3.63E-50,0.009533794,0.002486815,0.002080107,0
2,9,7,3,3,3,2,0,1,0,8,0.031578947,1.13E-05,0.004143646,3.26E-10,0.000308276,1.16E-05,0.001751814,0.040226547,0.000112128,0.004375807,2.41E-173,0.0048594,0.001000726,0.000686445,0
3,21,7,3,5,11,2,1,3,1,18,0.105263158,5.21E-05,0.004143646,3.26E-10,0.00035971,0.000457316,0.001406036,0.071667151,0.00084855,0.004613882,1.17E-175,0.02203977,0.002395139,0.001054041,0
0,4,3,0,0,2,0,0,0,0,1,0.031578947,0,0,4.40E-13,0.000308276,0,0.000813884,0.07028754,1.70E-05,0.006383434,3.78E-11,0.01572651,7.47E-05,0.000451535,0
0,4,3,0,1,6,1,1,0,1,3,0.084210526,1.70E-05,0.001841621,1.67E-11,0.000376065,0.000445709,0.001159663,0.074135928,0.000615289,0.006982485,3.46E-10,0.005144064,0.001948004,0.000700384,0
1,3,3,0,2,3,7,1,1,14,4,0,0,0.016407166,9.00E-09,0,0.000493496,0.004994075,0.052788266,0.000203869,0.033969676,2.82E-09,0.0001887,0.001498463,0.004049485,0
35,11,7,2,5,4,16,3,1,29,6,0,0,0.120860255,0.21163044,0,0.061239203,0.011004199,0.000217833,0.001305897,0.052271468,1.33E-08,2.65E-06,0.002782502,0.012808981,0
3,6,6,0,3,3,15,1,1,54,7,0,0,0.043873903,9.16E-08,0,0.062693984,0.007617793,0.037539936,0.000604813,0.031943821,1.42E-08,0.001017091,0.010219542,0.030964673,0
1,4,3,1,1,2,0,0,1,0,4,0,0,0,4.40E-13,0,0,0.000813884,0,0,0,3.72E-189,0,0,0.000434363,0
1,4,3,1,1,3,0,0,1,0,4,0,0,0,4.40E-13,0,0,0.000813884,0,0,0.048039183,1.30E-08,0,0.000578539,0.044134209,0
4,10,10,0,0,8,1,1,0,1,7,0.157894737,3.06E-05,0.001841621,1.67E-11,0.019517084,8.69E-19,0.001505441,0.05837932,0.000152902,0.003024473,2.60E-176,0.000267405,0.000208295,0.001060373,0
4,4,4,0,0,3,3,3,2,1,2,0,0,0.049184544,2.47E-07,0,0.000463584,0.005147719,0.067310485,0,0.002740017,3.69E-178,0.00252419,0.001771264,0.000756378,0
2,4,4,0,0,3,1,1,0,1,7,0.326315789,4.08E-05,0.001841621,1.67E-11,0.000237401,2.98E-19,0.001505441,0.066656985,0.001123515,0.004550942,4.81E-179,0.002387224,0.00023316,0.000856038,0
1,3,2,0,0,4,0,0,1,0,4,0.031578947,0,0,4.40E-13,1.31E-05,0,0.000813884,0.024978217,3.85E-05,0.000294659,1.76E-183,0.003247716,9.86E-05,0.000494629,0
3,16,5,0,0,10,2,1,2,1,13,0.336842105,0.00049948,0.069073387,2.11E-08,4.42E-05,2.47E-05,0.011800479,0.528100494,0.033099903,0.004486083,3.98E-181,0.012647828,6.70E-06,0.007151721,0
2,7,4,0,0,5,1,1,2,1,3,0.252631579,4.08E-05,0.001841621,1.67E-11,2.04E-05,1.51E-19,0.001505441,0.662431019,0.000652382,0.000263089,3.21E-186,0.003076395,3.50E-176,0.000803567,0
4,14,11,2,1,9,1,1,4,1,12,0.136842105,2.72E-05,0.001841621,1.67E-11,0.000207322,5.62E-19,0.001505441,0.156113854,0.000278622,0.000263089,3.21E-186,0.002262565,3.50E-176,0.000803567,0
0,3,2,0,0,4,1,1,0,1,3,0.063157895,1.02E-05,0.001841621,1.67E-11,1.98E-05,0.000445709,0.001159663,0.042840546,0.000125153,0.003577043,1.44E-178,0.002269042,0.000552631,0.00072091,0
1,3,2,0,0,4,1,1,1,1,6,0.010526316,3.40E-06,0.001841621,1.67E-11,-6.13E-20,0.000445709,0.001159663,0.024469939,3.40E-06,0.000141663,5.96E-186,0.000474095,5.25E-06,0.000605779,0
2,9,4,1,1,8,1,1,2,1,11,0.042105263,1.02E-05,0.001841621,1.67E-11,1.76E-05,0.000445709,0.001159663,0.030424049,0.000336385,0.003738093,1.44E-178,0.006650694,0.000686845,0.000737706,0
0,2,1,0,0,3,1,1,0,1,2,0.473684211,5.10E-05,0.001841621,1.67E-11,2.12E-20,3.47E-19,0.001505441,0.299375545,0.00054705,0.000263089,3.21E-186,6.09E-06,3.50E-176,0.000803567,0
1,2,0,0,0,4,1,1,1,1,4,0.105263158,1.70E-05,0.001841621,1.67E-11,1.03E-21,-3.46E-19,0.001505441,0.120098751,0.000637941,0.000828729,5.91E-184,0.000547761,8.85E-08,0.0010597,0
0,3,2,0,0,3,1,1,0,1,2,0.315789474,4.76E-05,0.001841621,1.67E-11,2.36E-05,3.05E-19,0.001505441,0.423032239,0.00057763,0.000141663,5.96E-186,0.001206312,4.99E-149,0.000803567,0
3,14,8,0,1,9,1,1,1,1,10,0.4,5.10E-05,0.001841621,1.67E-11,-1.99E-21,-1.40E-19,0.001505441,0.118936974,0.000356772,0.000267332,6.55E-183,0.002873142,0.000105256,0.000959192,0
0,3,2,0,0,3,1,1,0,1,2,0.315789474,4.76E-05,0.001841621,1.67E-11,2.36E-05,7.44E-20,0.001505441,0.637017136,0.000665974,0.000141663,5.96E-186,0.003083976,4.99E-149,0.000803567,0
0,1,0,0,0,2,1,1,0,1,1,0.242105263,3.74E-05,0.001841621,1.67E-11,2.48E-07,-1.65E-20,0.001505441,0.497458612,0.000587824,0.000263089,3.21E-186,0.002103364,3.50E-176,0.000803567,0
1,1,0,0,0,3,1,1,1,1,1,0.242105263,3.74E-05,0.001841621,1.67E-11,2.48E-07,-5.48E-19,0.001505441,0.347226256,0.000509674,0.000263089,3.21E-186,0.000815758,3.50E-176,0.000803567,0
1,3,2,0,0,3,1,1,1,1,2,0.315789474,4.76E-05,0.001841621,1.67E-11,2.36E-05,-1.43E-19,0.001505441,0.431890793,0.000587824,0.000141663,5.96E-186,0.001311763,4.99E-149,0.000803567,0
2,5,5,0,0,3,1,1,0,1,7,0.221052632,3.06E-05,0.001841621,1.67E-11,2.02E-07,3.49E-19,0.001505441,0.1518298,0.000876639,0.001001149,1.76E-51,0.001830914,0.000296778,0.000975809,0
6,32,24,2,1,13,1,1,2,1,18,0.168421053,3.06E-05,0.001841621,1.67E-11,0.022402907,6.45E-19,0.001505441,0.135564914,0.00070335,0.000824151,2.34E-51,0.004675098,0.000159585,0.001337427,0
0,2,1,0,0,3,1,1,0,1,2,0.063157895,1.02E-05,0.001841621,1.67E-11,4.69E-05,0.000445709,0.001159663,0.173177462,0.000325625,0.000667254,5.04E-183,0.000402973,9.37E-05,0.000786163,0
2,6,6,0,0,3,1,2,2,6,3,0,0,0.002455494,3.10E-10,0,1.40E-07,0.001060258,0.034054604,6.80E-06,0.005041357,1.01E-08,0.000674245,0.000414299,0.001198125,0
5,24,14,4,6,9,13,0,4,0,22,0.021052632,0.00026503,0.039452183,6.25E-08,1.25E-08,0.001560545,0.012360068,0.026648272,0.000485889,0.006056994,1.65E-08,0.003648192,0.012879247,0.005708677,0
3,12,11,0,0,9,4,0,1,0,13,0.031578947,0.000149504,0.014732965,1.61E-08,0.019243782,0.005456523,0.009432284,0.032311937,0.000194809,0.011045736,2.30E-11,0.002670916,7.58E-05,0.001329721,0
5,46,43,3,7,20,5,0,2,0,42,0.042105263,0.0003126,0.052481983,5.43E-07,0.021935951,0.027939373,0.004167666,0.026212605,0.003657927,0.012158178,6.41E-10,0.005061327,0.026843155,0.004054258,0
3,14,14,1,2,8,7,0,2,0,13,0.010526316,0.00010873,0.026191938,5.43E-08,3.90E-21,0.000372774,0.009582042,0.023671217,0.000383954,0.008953351,1.18E-10,0.001957441,0.009795305,0.005105083,0
1,4,3,0,0,7,5,0,0,0,3,0.042105263,0.000139311,0.014006009,7.67E-08,0.019714748,0.011050796,0.004506696,0.031585826,5.21E-05,0.012792413,5.94E-11,1.73E-05,2.34E-05,0.001549359,0
2,9,9,0,0,3,1,2,2,6,3,0,0,0.002455494,3.10E-10,0,3.48E-07,0.001142382,0.032602382,0,0.005787168,1.01E-09,0.000778138,0.000683444,0.001116253,0
8,36,22,8,9,10,15,0,4,0,25,0.010526316,0.000159698,0.044218913,7.28E-08,1.53E-08,0.000301893,0.017128512,0.02584955,0.000821141,0.007298769,2.41E-09,0.007277551,0.09197439,0.007160621,0
0,4,4,0,0,4,1,0,0,0,4,0.031578947,1.36E-05,0.002455494,3.10E-10,1.31E-05,8.53E-05,0.001306631,0.027301772,2.38E-05,0.003551322,1.30E-176,0.004686197,0.00018063,0.00044682,0
7,5,3,1,1,3,1,2,1,7,6,0,0,0.001841621,1.67E-11,0,8.53E-05,0.001159663,0.02519605,0,0.002333987,6.88E-10,0.000254273,0.000376931,0.000560175,0
2,9,7,2,2,7,0,0,2,0,9,0.042105263,0,0,4.40E-13,0.00031198,0,0.000813884,0.038193436,0.000139141,0.00245162,2.27E-10,0.005201947,4.69E-05,0.00046028,0
1,6,3,1,2,11,1,1,1,1,5,0.084210526,1.70E-05,0.001841621,1.67E-11,0.000376065,0.000445709,0.001159663,0.05837932,0.000674298,0.002506831,2.07E-09,0.003229566,0.008284312,0.000853778,0
0,2,2,0,0,3,0,0,0,0,1,0.010526316,0,0,4.40E-13,1.43E-20,0,0.000813884,0.000290444,1.10E-05,0.013176503,3.36E-10,2.83E-06,0.001356302,0.001174919,0
0,10,10,0,0,3,1,1,0,1,20,0,0,0.001841621,1.67E-11,0,1.87E-19,0.001505441,0.073772872,0.005232649,0.007483287,2.79E-59,0.002646897,0.000798246,0.001919528,0
1,6,4,1,1,3,0,0,1,0,3,0.031578947,0,0,4.40E-13,0.000308276,0,0.000813884,0.028318327,0.000565738,0.005791268,1.79E-59,0.002948153,5.11E-05,0.000454894,0
0,4,2,0,0,7,8,0,0,0,6,0.094736842,0.000135913,0.014732965,1.31E-10,0.000344306,3.33E-18,0.006346336,0.045454545,0.001376119,0.006137232,5.98E-59,0.003516489,0.000259512,0.000748798,0
0,2,1,0,0,3,0,0,0,0,2,0.157894737,0,0,4.40E-13,1.45E-19,0,0.000813884,0.03913738,0.000251864,0.005861748,2.50E-59,0.002233451,0.000115332,0.000570321,0
0,2,1,0,0,3,0,0,0,0,2,0.157894737,0,0,4.40E-13,1.45E-19,0,0.000813884,0.03913738,0.000251864,0.005861748,2.50E-59,0.002233451,0.000115332,0.000570321,0
0,2,1,0,0,3,0,0,0,0,2,0.157894737,0,0,4.40E-13,1.45E-19,0,0.000813884,0.03913738,0.000251864,0.005861748,2.50E-59,0.002233451,0.000115332,0.000570321,0
0,2,1,0,0,3,0,0,0,0,2,0.157894737,0,0,4.40E-13,1.45E-19,0,0.000813884,0.03913738,0.000251864,0.005861748,2.50E-59,0.002233451,0.000115332,0.000570321,0
0,2,1,0,0,3,0,0,0,0,2,0.157894737,0,0,4.40E-13,1.45E-19,0,0.000813884,0.03913738,0.000251864,0.005861748,2.50E-59,0.002233451,0.000115332,0.000570321,0
0,2,1,0,0,3,0,0,0,0,2,0.157894737,0,0,4.40E-13,1.45E-19,0,0.000813884,0.03913738,0.000251864,0.005861748,2.50E-59,0.002233451,0.000115332,0.000570321,0
0,2,1,0,0,3,0,0,0,0,2,0.157894737,0,0,4.40E-13,1.45E-19,0,0.000813884,0.03913738,0.000251864,0.005861748,2.50E-59,0.002233451,0.000115332,0.000570321,0
0,2,1,0,0,3,0,0,0,0,2,0.157894737,0,0,4.40E-13,1.45E-19,0,0.000813884,0.03913738,0.000251864,0.005861748,2.50E-59,0.002233451,0.000115332,0.000570321,0
0,2,1,0,0,3,0,0,0,0,2,0.063157895,0,0,4.40E-13,8.24E-07,0,0.000813884,0.026720883,0.000305804,0.006631214,3.78E-11,0.001990561,6.57E-05,0.000451514,0
0,4,3,0,1,7,1,1,0,1,3,0.115789474,2.04E-05,0.001841621,1.67E-11,6.86E-05,0.000445709,0.001159663,0.042913157,0.000683586,0.007342194,3.46E-10,0.004526063,0.001381422,0.00068607,0
5,1,1,0,0,4,1,1,1,1,2,0.010526316,3.40E-06,0.001841621,1.67E-11,-6.13E-20,-6.55E-20,0.001505441,0.019968051,0.00013025,0.000276027,4.49E-180,0.000244873,0.000188693,0.000808338,0
3,11,7,3,3,7,0,0,3,0,12,0.042105263,0,0,4.40E-13,0.00296848,0,0.000813884,0.037176881,7.31E-05,0.001742144,3.78E-10,0.005230223,5.02E-05,0.00046495,0
2,4,3,0,1,11,1,1,2,1,5,0.094736842,2.04E-05,0.001841621,1.67E-11,0.003036269,0.000445709,0.001159663,0.051118211,0.000417366,0.001757348,3.46E-09,0.003454124,0.017206652,0.001055645,0
0,2,1,0,0,4,0,0,0,0,3,0.063157895,0,0,4.40E-13,9.28E-21,0,0.000813884,0.035361603,0.000191977,0.004391524,8.24E-53,0.000355587,2.84E-05,0.000453504,0
0,8,2,1,0,8,1,1,0,1,7,0.126315789,2.04E-05,0.001841621,1.67E-11,3.36E-20,-2.17E-19,0.001505441,0.057798432,0.000733364,0.004630607,3.29E-52,0.001954284,0.000751659,0.000765653,0
1,7,5,1,1,4,4,0,1,0,5,0.031578947,2.72E-05,0.008287293,6.51E-10,0.000308276,2.14E-19,0.003476429,0.03049666,7.48E-05,0.003826586,1.24E-52,0.003009041,3.10E-05,0.00084251,0
4,19,4,3,2,10,2,0,4,0,21,0.063157895,4.08E-05,0.004910988,6.19E-10,0.000324469,5.61E-19,0.002093316,0.030278827,2.72E-05,0.002249079,2.47E-51,0.008177059,0.000851529,0.001008587,0
0,2,1,0,0,4,0,0,0,0,3,0.063157895,0,0,4.40E-13,9.28E-21,0,0.000813884,0.035361603,0.000191977,0.004391524,8.24E-53,0.000355587,2.84E-05,0.000453504,0
0,8,2,1,0,8,1,1,0,1,7,0.126315789,2.04E-05,0.001841621,1.67E-11,3.36E-20,2.53E-20,0.001505441,0.057798432,0.000733364,0.004630607,3.29E-52,0.001954284,0.000751659,0.000765653,0
1,5,4,0,0,4,5,1,0,1,8,0.073684211,0.000122322,0.011474713,1.25E-09,0.000237029,-5.35E-19,0.006623169,0.036741214,0.000817177,0.011265566,2.10E-10,0.001255034,0.000259735,0.001557405,0
6,48,40,0,2,14,6,2,2,4,52,0.105263158,0.000305804,0.015693811,5.57E-09,0.024962738,0.015290446,0.00358007,0.090037758,0.001508148,0.006252666,1.94E-10,0.021833783,0.003024066,0.001163531,1
3,16,6,2,3,10,1,1,2,1,22,0.063157895,1.02E-05,0.001841621,1.67E-11,3.60E-05,0.000445709,0.001159663,0.057871043,7.98E-05,0.000845642,1.76E-51,0.009547323,0.00071337,0.000700473,0
3,5,3,1,1,4,0,0,2,0,4,0.031578947,0,0,4.40E-13,0.000308276,0,0.000813884,0.047197212,4.42E-05,0.003411477,6.96E-173,0.008292424,0.000338553,0.000446575,0
9,27,6,6,6,10,2,1,3,1,33,0.063157895,4.08E-05,0.004143646,3.26E-10,0.00032139,0.00045113,0.002145157,0.065349985,0.000370363,0.003557373,9.75E-175,0.023309678,0.02373913,0.001412858,0
0,3,2,0,1,3,1,1,0,1,2,0.094736842,1.36E-05,0.001841621,1.67E-11,2.08E-05,0.000445709,0.001159663,0.042767935,0.000554978,0.007342194,3.46E-10,0.002517644,0.001381422,0.00068607,0
4,17,6,4,4,6,6,1,2,1,16,0.031578947,9.51E-05,0.015693811,5.57E-09,1.31E-05,0.001079665,0.003938191,0.06433343,0.000261632,0.003866134,1.12E-172,0.022445142,0.018131484,0.002581573,0
2,8,7,1,2,4,0,0,2,0,4,0.126315789,0,0,4.40E-13,0.00032911,0,0.000813884,0.063970375,1.02E-05,0.005741953,8.83E-11,0.006575478,0.000185186,0.000464159,0
0,4,3,0,1,7,1,1,0,1,3,0.136842105,2.38E-05,0.001841621,1.67E-11,0.000333113,0.000445709,0.001159663,0.050174267,0.00069678,0.007342194,3.46E-10,0.005464377,0.001381422,0.00068607,0
3,40,37,3,5,22,2,0,1,0,39,0.084210526,7.48E-05,0.004910988,6.19E-10,0.027326556,0.006151949,0.001773458,0.049012489,0.000152902,0.002920107,1.39E-173,0.023871903,6.35E-05,0.001091042,0
1,3,3,0,0,2,2,0,1,0,1,0.126315789,1.13E-05,0.004143646,3.26E-10,0.00032911,1.74E-05,0.001406036,0.069125762,1.02E-05,0.008621077,4.19E-11,0.006691082,0.000447272,0.000495433,0
0,4,2,0,1,5,1,1,0,1,3,0.126315789,2.04E-05,0.001841621,1.67E-11,0.00032911,0.005705539,0.000986773,0.048141156,0.001157752,0.008995185,3.83E-10,0.004515898,0.003436848,0.001156821,0
2,7,5,1,2,7,1,1,2,1,7,0.010526316,3.40E-06,0.001841621,1.67E-11,-3.18E-21,0.000445709,0.001159663,0.02120244,3.40E-05,0.007696588,4.34E-10,0.002455301,0.002211597,0.000816054,0
2,8,8,2,2,3,0,0,1,0,8,0.031578947,0,0,4.40E-13,0.000308276,0,0.000813884,0.028318327,8.66E-05,0.005408354,1.51E-11,0.002157964,0.000237277,0.000445965,0
4,14,7,4,4,8,1,1,1,1,7,0.063157895,1.36E-05,0.001841621,1.67E-11,0.00032139,0.000445709,0.001159663,0.049375545,0.000404341,0.005795833,1.38E-10,0.016336725,0.001757488,0.000637001,0
0,4,2,0,1,4,1,1,0,1,3,0.094736842,1.36E-05,0.001841621,1.67E-11,2.08E-05,0.000445709,0.001159663,0.054821377,0.000633553,0.007012325,3.46E-10,0.004557819,0.001951729,0.000807572,0
5,3,2,0,0,4,1,1,1,1,3,0.010526316,3.40E-06,0.001841621,1.67E-11,-6.13E-20,5.67E-20,0.001505441,0.017644496,0.00010873,0.000141663,5.96E-186,0.00062148,4.99E-149,0.000803567,0
2,4,4,0,1,2,1,1,1,1,3,0.010526316,3.40E-06,0.001841621,1.67E-11,-5.36E-21,0.000445709,0.001159663,0.02519605,3.06E-05,0.000141663,5.96E-186,0.001845328,0.000135435,0.000483339,0
0,5,5,0,0,2,2,1,0,1,5,0.021052632,1.36E-05,0.004143646,3.26E-10,0.00443738,0.000771757,0.001931918,0.059468487,0.000115526,0.000637484,1.09E-183,0.000210146,3.30E-05,0.000838896,0
0,11,8,0,0,4,1,1,0,1,21,0.021052632,6.80E-06,0.001841621,1.67E-11,0.00443738,0.000445709,0.001159663,0.060630264,0,0.008839779,2.80E-10,0.000425611,0.000363786,0.000748287,0
3,5,5,0,2,4,1,1,2,1,3,0.010526316,3.40E-06,0.001841621,1.67E-11,-5.36E-21,-9.09E-21,0.001505441,0.025050828,1.13E-06,0.014017328,6.89E-09,0.000413378,0.01832987,0.004864869,0
0,4,1,0,0,4,9,2,0,3,6,0.052631579,0.000152902,0.01973165,5.91E-09,6.78E-05,0.000479625,0.005560825,0.037249492,0.001005529,0.007894792,7.51E-10,0.002822113,0.002674578,0.000951345,0
2,4,4,0,2,3,1,1,0,1,2,0.010526316,3.40E-06,0.001841621,1.67E-11,-7.05E-21,1.72E-19,0.001505441,0.000290444,3.40E-06,0.005523612,1.13E-10,9.29E-06,0.000136828,0.000940614,0
2,5,5,0,1,3,1,1,1,1,4,0.010526316,3.40E-06,0.001841621,1.67E-11,-4.45E-21,1.82E-19,0.001505441,0.022872495,0.000105333,0.000141663,5.96E-186,0.000254533,0.00012526,0.000468403,0
3,6,6,0,2,5,1,1,2,1,4,0.010526316,3.40E-06,0.001841621,1.67E-11,-4.45E-21,0.000445709,0.001159663,0.022146384,1.19E-05,0.015181909,2.29E-10,0.000689529,0.004717093,0.002977785,0
1,5,5,0,0,4,1,1,1,1,5,0.031578947,6.80E-06,0.001841621,1.67E-11,1.31E-05,0.000445709,0.001159663,0.040371769,1.36E-05,0.005795833,1.38E-10,0.006484032,0.001764487,0.000582166,0
2,7,5,1,2,7,1,1,2,1,7,0.010526316,3.40E-06,0.001841621,1.67E-11,-3.18E-21,0.000445709,0.001159663,0.02120244,6.80E-06,0.005117926,1.39E-10,0.002455301,0.001204996,0.000555873,0
4,9,8,1,1,8,1,1,1,1,8,0.052631579,1.36E-05,0.001841621,1.67E-11,0.019252326,4.29E-20,0.001505441,0.025631717,0.000115526,0.000210231,9.53E-180,0.000283475,0.000501386,0.000911078,0
1,4,4,0,2,5,6,1,1,1,5,0.031578947,0.000129117,0.020775783,3.91E-09,1.62E-05,0.000829431,0.007482001,0.034199826,0.000292213,0.010017107,4.98E-11,0.00083221,0.000821646,0.000971948,0
5,53,52,6,12,21,1,1,5,1,52,0.021052632,6.80E-06,0.001841621,1.67E-11,2.20E-05,0.000445709,0.001159663,0.065277374,0.000224256,0.00322474,2.60E-176,0.005219175,0.000113526,0.000729317,0
1,2,2,0,0,4,2,1,1,1,3,0.063157895,2.04E-05,0.003683241,3.30E-11,3.60E-05,-5.51E-20,0.002196997,0.034635492,0.000684095,0.005423138,4.55E-10,0.000352775,0.004087597,0.001745442,0
0,1,1,0,0,3,0,0,0,0,2,0.010526316,0,0,4.40E-13,-6.13E-20,0,0.000813884,0.019968051,0,0,3.72E-189,0.000244873,0,0.000434363,0
0,4,3,0,0,2,1,1,0,1,1,0.031578947,6.80E-06,0.001841621,1.67E-11,1.31E-05,0.000445709,0.001159663,0.02853616,0.000913448,0.007342194,3.46E-10,0.000485272,0.001381422,0.00068607,0
5,7,7,0,0,7,3,3,1,3,6,0.073684211,0.000105333,0.00969274,8.35E-09,0.019495339,0.015521172,0.002130745,0.024106884,0.000112128,0.00322778,8.17E-50,0.00028011,0.002455195,0.00106198,0
2,4,4,0,2,3,0,0,1,0,3,0,0,0,4.40E-13,0,0,0.000813884,0.03449027,0,0.004666572,9.22E-11,0.000762818,0.001374174,0.000464471,0
0,3,3,0,0,2,0,0,0,0,1,0.031578947,0,0,4.40E-13,0.000308276,0,0.000813884,0.052207377,0.000633694,0.009735279,7.57E-11,0.008697242,0.001244725,0.00054643,0
0,5,3,0,2,8,1,1,0,1,5,0.126315789,2.04E-05,0.001841621,1.67E-11,0.00032911,0.000445709,0.001159663,0.056055765,0.000437753,0.007342194,3.46E-10,0.00461094,0.001381422,0.00068607,0
4,3,2,0,0,3,1,1,1,1,2,0.094736842,1.70E-05,0.001841621,1.67E-11,0.000480042,-3.89E-21,0.001505441,0.028899216,0.000112128,0.000141663,5.96E-186,0.000508653,4.99E-149,0.000803567,0
8,13,8,0,3,5,1,1,2,0,18,0,0,0.010904333,5.48E-08,0,0.006822969,0.001321303,0.02918966,3.40E-06,0.003219277,2.48E-10,0.000963147,0.003699698,0.000515424,0
4,15,15,0,0,8,1,1,0,1,14,0.073684211,1.70E-05,0.001841621,1.67E-11,0.019495339,2.40E-19,0.001505441,0.024106884,0.001039734,0.01209915,5.43E-10,0.000287396,0.004727639,0.003259723,0
2,4,4,0,1,4,1,1,2,1,2,0.010526316,3.40E-06,0.001841621,1.67E-11,-5.36E-21,2.19E-19,0.001505441,0.025559105,0.000992165,0.010633219,1.81E-09,0.000361131,0.002081242,0.001261114,0
0,3,3,0,0,2,0,0,0,0,1,0.031578947,0,0,4.40E-13,0.000308276,0,0.000813884,0.062445542,2.38E-05,0.006631214,3.78E-11,0.006442892,6.75E-05,0.000451514,0
0,4,3,0,1,6,1,1,0,1,3,0.084210526,1.70E-05,0.001841621,1.67E-11,0.000376065,0.000445709,0.001159663,0.059395876,0.000400434,0.007342194,3.46E-10,0.004650022,0.001381422,0.00068607,0
2,9,5,0,0,5,1,1,2,1,7,0.031578947,6.80E-06,0.001841621,1.67E-11,1.31E-05,0.000445709,0.001159663,0.034562881,5.95E-05,0.005795833,1.38E-10,0.013172498,0.001754528,0.000700339,0
1,10,5,1,1,7,3,1,1,1,13,0.031578947,3.40E-05,0.006577217,6.35E-10,1.31E-05,0.000456684,0.003130651,0.045309323,0.002523167,0.007425443,3.46E-10,0.017448471,0.002043848,0.000923544,0
1,7,4,1,1,5,2,0,1,0,5,0.031578947,2.04E-05,0.004143646,3.26E-10,0.000308276,1.90E-05,0.001998188,0.06694743,1.70E-05,0.006905121,4.20E-11,0.009716079,9.47E-05,0.000497568,0
0,4,2,0,1,9,1,1,0,1,3,0.084210526,1.70E-05,0.001841621,1.67E-11,0.000376065,0.000445709,0.001159663,0.061065931,0.000398168,0.007342194,3.46E-10,0.004526195,0.001381422,0.00068607,0
1,1,1,0,0,3,1,1,0,1,2,0.010526316,3.40E-06,0.001841621,1.67E-11,-6.13E-20,5.72E-20,0.001505441,0.019968051,0.000147239,0.006822536,3.78E-11,0.000244873,0.00050934,0.000848135,0
2,4,4,0,1,2,1,1,1,1,2,0.010526316,3.40E-06,0.001841621,1.67E-11,-5.36E-21,4.88E-19,0.001505441,0.033909381,3.40E-06,0.010356442,3.27E-43,0.001377434,0.008090207,0.001503933,0
5,17,16,1,1,15,2,1,3,1,16,0.2,0.000101935,0.004143646,3.26E-10,0.003428315,6.57E-05,0.002145157,0.060630264,0.003771528,0.009160197,3.46E-10,0.004864342,0.002431086,0.001252982,0
0,4,4,0,2,3,0,1,0,0,3,0.010526316,0,0,4.40E-13,2.74E-07,0,0.000813884,0.029625327,0.000353374,0.006059924,6.31E-11,0.000693428,0.000519225,0.000442167,0
0,2,2,0,0,2,0,0,0,0,2,0,0,0,4.40E-13,0,0,0.000813884,0,0,0.006469298,3.78E-11,0,0.000311535,0.000439045,0
0,2,2,0,0,2,0,0,0,0,2,0,0,0,4.40E-13,0,0,0.000813884,0,0,0.006469298,3.78E-11,0,0.000311535,0.000439045,0
1,6,4,0,0,3,0,0,1,0,4,0,0,0,4.40E-13,0,0,0.000813884,0.05968632,0.000635393,0.005379144,1.13E-10,0.000617743,0.000934606,0.000448411,0
25,85,63,8,17,40,3,2,12,1,78,0.052631579,7.81E-05,0.006577217,6.35E-10,2.28E-05,0.000515177,0.002078887,0.065132152,0.007080159,0.007060988,3.46E-10,0.021449475,0.002686525,0.001004511,1
2,4,4,0,2,5,1,1,1,1,6,0.010526316,3.40E-06,0.001841621,1.67E-11,-4.34E-21,-1.60E-20,0.001505441,0.028173105,0.000318465,0.010847784,1.45E-09,0.001312945,0.001450497,0.001122898,0
1,2,2,0,0,4,1,1,1,1,3,0.052631579,1.02E-05,0.001841621,1.67E-11,6.78E-05,0.000445709,0.001159663,0.036959047,0.000519301,0.007342194,3.46E-10,0.002546448,0.001381422,0.00068607,0
2,18,15,2,4,10,3,5,2,5,21,0.031578947,0.000669371,0.064927064,0.211623493,0.000103267,0.002284694,0.003818371,0.045381934,0.000397545,0.003696441,1.88E-09,0.000321924,0.010014836,0.000813216,0
0,2,2,0,0,2,0,0,0,0,2,0,0,0,4.40E-13,0,0,0.000813884,0,0,0.000153468,5.50E-186,0,1.40E-98,0.00046513,0
1,5,3,1,0,4,0,0,1,0,2,0.189473684,0,0,4.40E-13,-2.33E-21,0,0.000813884,0.064914319,0,0,3.72E-189,1.57E-07,0,0.000434363,0
1,5,3,1,0,4,0,0,1,0,2,0.189473684,0,0,4.40E-13,3.86E-21,0,0.000813884,0.064914319,0,0,3.72E-189,3.90E-06,0,0.000434363,0
1,6,4,1,0,4,0,0,1,0,2,0.031578947,0,0,4.40E-13,1.32E-20,0,0.000813884,0.0477781,0,0,3.72E-189,9.91E-151,0,0.000434363,0
1,6,4,1,0,4,0,0,1,0,2,0.589473684,0,0,4.40E-13,0.001631176,0,0.000813884,0.892027302,0,0,3.72E-189,0.000132527,0,0.000434363,0
1,7,5,1,0,4,0,0,1,0,2,0.589473684,0,0,4.40E-13,0.001631677,0,0.000813884,0.882587859,0,0,3.72E-189,0.000128198,0,0.000434363,0
1,10,8,1,0,4,0,0,1,0,2,0.757894737,0,0,4.40E-13,0.001630687,0,0.000813884,0.670345629,0,0,3.72E-189,1.54E-05,0,0.000434363,0
1,9,7,1,0,4,0,0,1,0,2,0.915789474,0,0,4.40E-13,0.001630687,0,0.000813884,0.75595411,0,0,3.72E-189,7.14E-05,0,0.000434363,0
1,14,12,1,0,4,0,0,1,0,2,0.105263158,0,0,4.40E-13,5.01E-07,0,0.000813884,0.087133314,0,0,3.72E-189,2.11E-08,0,0.000434363,0
1,5,3,1,0,4,0,0,1,0,2,0.821052632,0,0,4.40E-13,0.001630687,0,0.000813884,0.901539355,0,0,3.72E-189,2.35E-05,0,0.000434363,0
1,8,6,1,0,4,0,0,1,0,2,0.663157895,0,0,4.40E-13,0.001630687,0,0.000813884,0.805765321,0,0,3.72E-189,1.34E-05,0,0.000434363,0
1,10,8,1,0,4,0,0,1,0,2,0.010526316,0,0,4.40E-13,1.26E-20,0,0.000813884,0.006970665,0,0,3.72E-189,9.91E-151,0,0.000434363,0
1,12,10,1,0,4,0,0,1,0,2,0.589473684,0,0,4.40E-13,0.001633432,0,0.000813884,0.788338658,0,0,3.72E-189,8.22E-05,0,0.000434363,0
1,10,8,1,0,4,0,0,1,0,2,0.305263158,0,0,4.40E-13,1.91E-09,0,0.000813884,0.220955562,0,0,3.72E-189,1.44E-05,0,0.000434363,0
1,10,8,1,0,4,0,0,1,0,2,0.010526316,0,0,4.40E-13,4.32E-06,0,0.000813884,0.000943944,0,0,3.72E-189,7.74E-05,0,0.000434363,0
1,19,17,1,0,4,0,0,1,0,2,0.273684211,0,0,4.40E-13,2.39E-20,0,0.000813884,0.134257915,0,0,3.72E-189,0.000358612,0,0.000434363,0
1,6,4,1,0,4,0,0,1,0,2,0.010526316,0,0,4.40E-13,-6.85E-21,0,0.000813884,0.046180656,0,0,3.72E-189,3.75E-178,0,0.000434363,0
1,12,10,1,0,4,0,0,1,0,2,0.642105263,0,0,4.40E-13,0.001630687,0,0.000813884,0.810557653,0,0,3.72E-189,4.09E-05,0,0.000434363,0
1,12,10,1,0,4,0,0,1,0,2,0.084210526,0,0,4.40E-13,4.41E-21,0,0.000813884,0.078783038,0,0,3.72E-189,9.91E-151,0,0.000434363,0
1,10,8,1,0,4,0,0,1,0,2,0.473684211,0,0,4.40E-13,5.32E-07,0,0.000813884,0.533038048,0,0,3.72E-189,1.10E-05,0,0.000434363,0
1,19,17,1,0,4,0,0,1,0,2,0.663157895,0,0,4.40E-13,0.001632185,0,0.000813884,0.80569271,0,0,3.72E-189,1.70E-05,0,0.000434363,0
1,10,8,1,0,4,0,0,1,0,2,0.589473684,0,0,4.40E-13,0.001630923,0,0.000813884,1,0,0,3.72E-189,0.000425987,0,0.000434363,0
1,9,7,1,0,4,0,0,1,0,2,0.915789474,0,0,4.40E-13,0.001630687,0,0.000813884,0.759003776,0,0,3.72E-189,6.04E-05,0,0.000434363,0
1,34,32,1,0,4,0,0,1,0,2,0.210526316,0,0,4.40E-13,4.47E-06,0,0.000813884,0.16642463,0,0,3.72E-189,7.76E-05,0,0.000434363,0
1,9,7,1,0,4,0,0,1,0,2,0.968421053,0,0,4.40E-13,0.001630687,0,0.000813884,0.67637235,0,0,3.72E-189,0.000110031,0,0.000434363,0
1,11,9,1,0,4,0,0,1,0,2,0.873684211,0,0,4.40E-13,0.001630687,0,0.000813884,0.800755155,0,0,3.72E-189,3.42E-05,0,0.000434363,0
1,12,10,1,0,4,0,0,1,0,2,0.073684211,0,0,4.40E-13,4.85E-21,0,0.000813884,0.138832414,0,0,3.72E-189,0.000114385,0,0.000434363,0
1,10,8,1,0,4,0,0,1,0,2,0.736842105,0,0,4.40E-13,0.001630687,0,0.000813884,0.738817891,0,0,3.72E-189,0.000120299,0,0.000434363,0
1,8,6,1,0,4,0,0,1,0,2,0.126315789,0,0,4.40E-13,-2.62E-22,0,0.000813884,0.068544874,0,0,3.72E-189,9.57E-06,0,0.000434363,0
1,7,5,1,0,4,0,0,1,0,2,0.547368421,0,0,4.40E-13,1.14E-20,0,0.000813884,0.682616904,0,0,3.72E-189,9.91E-151,0,0.000434363,0
1,8,6,1,0,4,0,0,1,0,2,0.063157895,0,0,4.40E-13,9.04E-21,0,0.000813884,0.073191984,0,0,3.72E-189,3.60E-08,0,0.000434363,0
1,37,35,1,0,4,0,0,1,0,2,0.410526316,0,0,4.40E-13,0.000325405,0,0.000813884,0.525413883,0,0,3.72E-189,0.00060727,0,0.000434363,0
1,11,9,1,0,4,0,0,1,0,2,0.736842105,0,0,4.40E-13,0.001630923,0,0.000813884,0.754937554,0,0,3.72E-189,7.15E-05,0,0.000434363,0
1,17,15,1,0,4,0,0,1,0,2,0.284210526,0,0,4.40E-13,4.00E-06,0,0.000813884,0.235259948,0,0,3.72E-189,1.53E-05,0,0.000434363,0
1,5,3,1,0,4,0,0,1,0,2,0.705263158,0,0,4.40E-13,0.001630687,0,0.000813884,0.888832414,0,0,3.72E-189,3.44E-05,0,0.000434363,0
0,2,2,0,0,2,0,0,0,0,2,0,0,0,4.40E-13,0,0,0.000813884,0,0,0.000153468,5.50E-186,0,1.40E-98,0.00046513,0
1,8,6,1,0,4,0,0,1,0,2,0.105263158,0,0,4.40E-13,-1.59E-21,0,0.000813884,0.018661051,0,0,3.72E-189,3.45E-05,0,0.000434363,0
1,11,9,2,0,4,0,0,1,0,2,0.252631579,0,0,4.40E-13,5.39E-22,0,0.000813884,0.203020622,0,0,3.72E-189,3.61E-05,0,0.000434363,0
1,8,6,1,0,4,0,0,1,0,2,0.715789474,0,0,4.40E-13,0.001630687,0,0.000813884,0.798141156,0,0,3.72E-189,2.71E-05,0,0.000434363,0
1,5,3,1,0,4,0,0,1,0,2,0.189473684,0,0,4.40E-13,2.05E-20,0,0.000813884,0.064914319,0,0,3.72E-189,6.84E-07,0,0.000434363,0
1,8,6,1,0,4,0,0,1,0,2,1,0,0,4.40E-13,0.001630687,0,0.000813884,0.750290444,0,0,3.72E-189,7.41E-05,0,0.000434363,0
1,9,7,1,0,4,0,0,1,0,2,0.326315789,0,0,4.40E-13,1.25E-20,0,0.000813884,0.145730468,0,0,3.72E-189,1.81E-05,0,0.000434363,0
1,9,7,1,0,4,0,0,1,0,2,0.894736842,0,0,4.40E-13,0.001630687,0,0.000813884,0.654879466,0,0,3.72E-189,4.70E-05,0,0.000434363,0
1,14,12,1,0,4,0,0,1,0,2,0.210526316,0,0,4.40E-13,1.91E-09,0,0.000813884,0.148707523,0,0,3.72E-189,1.81E-05,0,0.000434363,0
1,13,11,1,0,4,0,0,1,0,2,0.073684211,0,0,4.40E-13,0.000278378,0,0.000813884,0.011182109,0,0,3.72E-189,7.07E-06,0,0.000434363,0
0,2,2,0,0,2,0,0,0,0,2,0,0,0,4.40E-13,0,0,0.000813884,0,0,0,3.72E-189,0,0,0.000434363,0
1,9,7,1,0,4,0,0,1,0,2,0.726315789,0,0,4.40E-13,0.001684849,0,0.000813884,0.645294801,0,0,3.72E-189,0.000124914,0,0.000434363,0
1,7,5,1,0,4,0,0,1,0,2,0.705263158,0,0,4.40E-13,0.001630687,0,0.000813884,0.808161487,0,0,3.72E-189,5.21E-05,0,0.000434363,0
1,11,9,1,0,4,0,0,1,0,2,0.284210526,0,0,4.40E-13,-3.08E-21,0,0.000813884,0.122277084,0,0,3.72E-189,4.44E-06,0,0.000434363,0
1,13,11,1,0,4,0,0,1,0,2,0.210526316,0,0,4.40E-13,8.43E-06,0,0.000813884,0.152918966,0,0,3.72E-189,1.35E-05,0,0.000434363,0
2,6,4,1,0,4,0,0,2,0,2,0.957894737,0,0,4.40E-13,0.001630687,0,0.000813884,0.79313099,0,0,3.72E-189,2.44E-05,0,0.000434363,0
1,32,30,1,0,4,0,0,1,0,2,0.221052632,0,0,4.40E-13,2.02E-07,0,0.000813884,0.143697357,0,0,3.72E-189,4.70E-05,0,0.000434363,0
1,9,7,1,0,4,0,0,1,0,2,0.2,0,0,4.40E-13,-5.76E-23,0,0.000813884,0.345628812,0,0,3.72E-189,2.00E-05,0,0.000434363,0
1,5,3,1,0,4,0,0,1,0,2,0.126315789,0,0,4.40E-13,9.10E-22,0,0.000813884,0.130917804,0,0,3.72E-189,6.43E-05,0,0.000434363,0
1,19,17,1,0,4,0,0,1,0,2,0.147368421,0,0,4.40E-13,-2.46E-21,0,0.000813884,0.051118211,0,0,3.72E-189,3.10E-06,0,0.000434363,0
1,8,6,1,0,4,0,0,1,0,2,0.568421053,0,0,4.40E-13,-1.04E-20,0,0.000813884,0.202294511,0,0,3.72E-189,1.19E-05,0,0.000434363,0
1,5,3,1,0,4,0,0,1,0,2,0.189473684,0,0,4.40E-13,-9.32E-22,0,0.000813884,0.141010746,0,0,3.72E-189,4.02E-06,0,0.000434363,0
1,29,27,1,0,4,0,0,1,0,2,0.126315789,0,0,4.40E-13,0.000282248,0,0.000813884,0.20890212,0,0,3.72E-189,0.000296276,0,0.000434363,0
1,8,6,1,0,4,0,0,1,0,2,0.873684211,0,0,4.40E-13,0.001630687,0,0.000813884,0.668675574,0,0,3.72E-189,0.000132689,0,0.000434363,0
1,12,10,1,0,4,0,0,1,0,2,0.210526316,0,0,4.40E-13,0.000234111,0,0.000813884,0.150450189,0,0,3.72E-189,6.78E-05,0,0.000434363,0
1,16,14,1,0,4,0,0,1,0,2,0.210526316,0,0,4.40E-13,4.00E-06,0,0.000813884,0.149288411,0,0,3.72E-189,2.16E-05,0,0.000434363,0
1,10,8,1,0,4,0,0,1,0,2,0.778947368,0,0,4.40E-13,0.001630687,0,0.000813884,0.788701714,0,0,3.72E-189,2.71E-05,0,0.000434363,0
1,7,5,1,0,4,0,0,1,0,2,0.126315789,0,0,4.40E-13,-5.98E-21,0,0.000813884,0.066656985,0,0,3.72E-189,1.11E-06,0,0.000434363,0
1,37,35,1,0,4,0,0,1,0,2,0.4,0,0,4.40E-13,-1.99E-21,0,0.000813884,0.235550392,0,0,3.72E-189,0.000140707,0,0.000434363,0
1,11,9,1,0,4,0,0,1,0,2,0.736842105,0,0,4.40E-13,0.001631191,0,0.000813884,0.751887888,0,0,3.72E-189,0.000107981,0,0.000434363,0
1,7,5,1,0,4,0,0,1,0,2,0.705263158,0,0,4.40E-13,0.001630687,0,0.000813884,0.804167877,0,0,3.72E-189,5.21E-05,0,0.000434363,0
0,2,2,0,0,2,0,0,0,0,2,0,0,0,4.40E-13,0,0,0.000813884,0,0,0.000153468,5.50E-186,0,1.40E-98,0.00046513,0
1,7,5,1,0,4,0,0,1,0,2,0.010526316,0,0,4.40E-13,2.14E-05,0,0.000813884,0.093886146,0,0,3.72E-189,6.32E-05,0,0.000434363,0
1,10,8,1,0,4,0,0,1,0,2,0.021052632,0,0,4.40E-13,0.002713723,0,0.000813884,0.002105722,0,0,3.72E-189,5.53E-05,0,0.000434363,0
1,8,6,1,0,4,0,0,1,0,2,0.010526316,0,0,4.40E-13,0.002723399,0,0.000813884,0.130409527,0,0,3.72E-189,0.00025013,0,0.000434363,0
0,2,2,0,0,2,0,0,0,0,2,0,0,0,4.40E-13,0,0,0.000813884,0,0,0,3.72E-189,0,0,0.000434363,0
0,2,2,0,0,2,0,0,0,0,2,0,0,0,4.40E-13,0,0,0.000813884,0,0,0.000153468,5.50E-186,0,1.40E-98,0.00046513,0
1,12,10,1,0,4,0,0,1,0,2,0.263157895,0,0,4.40E-13,3.77E-20,0,0.000813884,0.098968922,0,0,3.72E-189,4.14E-06,0,0.000434363,0
1,8,6,1,0,4,0,0,1,0,2,0.536842105,0,0,4.40E-13,0.001631464,0,0.000813884,0.689587569,0,0,3.72E-189,0.000323235,0,0.000434363,0
1,9,7,1,0,4,0,0,1,0,2,0.463157895,0,0,4.40E-13,1.30E-20,0,0.000813884,0.095120534,0,0,3.72E-189,2.50E-06,0,0.000434363,0
1,9,7,1,0,4,0,0,1,0,2,0.389473684,0,0,4.40E-13,6.57E-21,0,0.000813884,0.760528609,0,0,3.72E-189,3.75E-178,0,0.000434363,0
1,9,7,1,0,4,0,0,1,0,2,0.410526316,0,0,4.40E-13,0.001634892,0,0.000813884,0.744408946,0,0,3.72E-189,0.000100824,0,0.000434363,0
0,2,2,0,0,2,0,0,0,0,2,0,0,0,4.40E-13,0,0,0.000813884,0,0,0,3.72E-189,0,0,0.000434363,0
1,16,14,1,0,4,0,0,1,0,2,0.231578947,0,0,4.40E-13,2.44E-20,0,0.000813884,0.1983009,0,0,3.72E-189,3.75E-178,0,0.000434363,0
1,6,4,1,0,4,0,0,1,0,2,0.663157895,0,0,4.40E-13,0.001630687,0,0.000813884,0.803296544,0,0,3.72E-189,2.44E-05,0,0.000434363,0
1,6,4,1,0,4,0,0,1,0,2,0.589473684,0,0,4.40E-13,0.001630687,0,0.000813884,0.693145513,0,0,3.72E-189,8.34E-05,0,0.000434363,0
1,8,6,1,0,4,0,0,1,0,2,0.642105263,0,0,4.40E-13,0.001630687,0,0.000813884,0.802570433,0,0,3.72E-189,2.71E-05,0,0.000434363,0
0,2,2,0,0,2,0,0,0,0,2,0,0,0,4.40E-13,0,0,0.000813884,0,0,0.000153468,5.50E-186,0,1.40E-98,0.00046513,0
1,6,4,1,0,4,0,0,1,0,2,0.642105263,0,0,4.40E-13,1.51E-20,0,0.000813884,0.381716526,0,0,3.72E-189,3.75E-178,0,0.000434363,0
1,5,3,1,0,4,0,0,1,0,2,0.168421053,0,0,4.40E-13,-1.50E-20,0,0.000813884,0.158727854,0,0,3.72E-189,9.47E-10,0,0.000434363,0
0,2,2,0,0,2,0,0,0,0,2,0,0,0,4.40E-13,0,0,0.000813884,0,0,0,3.72E-189,0,0,0.000434363,0
0,2,2,0,0,2,0,0,0,0,2,0,0,0,4.40E-13,0,0,0.000813884,0,0,0.000153468,5.50E-186,0,1.40E-98,0.00046513,0
1,6,4,1,0,4,0,0,1,0,2,0.473684211,0,0,4.40E-13,1.33E-20,0,0.000813884,0.584446703,0,0,3.72E-189,9.91E-151,0,0.000434363,0
0,2,2,0,0,2,0,0,0,0,2,0,0,0,4.40E-13,0,0,0.000813884,0,0,0,3.72E-189,0,0,0.000434363,0
1,12,10,1,0,4,0,0,1,0,2,0.568421053,0,0,4.40E-13,-6.06E-21,0,0.000813884,0.192564624,0,0,3.72E-189,2.09E-06,0,0.000434363,0
0,2,2,0,0,2,0,0,0,0,2,0,0,0,4.40E-13,0,0,0.000813884,0,0,0.000153468,5.50E-186,0,1.40E-98,0.00046513,0
1,5,3,1,0,4,0,0,1,0,2,0.368421053,0,0,4.40E-13,-7.17E-22,0,0.000813884,0.585898925,0,0,3.72E-189,3.75E-178,0,0.000434363,0
1,6,4,1,0,4,0,0,1,0,2,0.473684211,0,0,4.40E-13,3.23E-21,0,0.000813884,0.82297415,0,0,3.72E-189,9.91E-151,0,0.000434363,0
0,2,2,0,0,2,0,0,0,0,2,0,0,0,4.40E-13,0,0,0.000813884,0,0,0,3.72E-189,0,0,0.000434363,0
0,2,2,0,0,2,0,0,0,0,2,0,0,0,4.40E-13,0,0,0.000813884,0,0,0.000153468,5.50E-186,0,1.40E-98,0.00046513,0
1,5,3,1,0,4,0,0,1,0,2,0.368421053,0,0,4.40E-13,-2.38E-20,0,0.000813884,0.423976184,0,0,3.72E-189,3.75E-178,0,0.000434363,0
1,6,4,1,0,4,0,0,1,0,2,0.473684211,0,0,4.40E-13,-6.22E-21,0,0.000813884,0.59613709,0,0,3.72E-189,9.91E-151,0,0.000434363,0
1,9,7,1,0,4,0,0,1,0,2,0.326315789,0,0,4.40E-13,1.52E-20,0,0.000813884,0.230177171,0,0,3.72E-189,5.90E-06,0,0.000434363,0
1,5,3,1,0,4,0,0,1,0,2,0.663157895,0,0,4.40E-13,0.001630687,0,0.000813884,0.792332268,0,0,3.72E-189,1.53E-05,0,0.000434363,0
1,28,26,1,0,4,0,0,1,0,2,0.273684211,0,0,4.40E-13,2.80E-20,0,0.000813884,0.213912286,0,0,3.72E-189,3.17E-06,0,0.000434363,0
0,2,2,0,0,2,0,0,0,0,2,0,0,0,4.40E-13,0,0,0.000813884,0,0,0,3.72E-189,0,0,0.000434363,0
1,7,5,1,0,4,0,0,1,0,2,0.705263158,0,0,4.40E-13,0.001630687,0,0.000813884,0.799448156,0,0,3.72E-189,0.000178092,0,0.000434363,0
0,2,2,0,0,2,0,0,0,0,2,0,0,0,4.40E-13,0,0,0.000813884,0,0,0.000153468,5.50E-186,0,1.40E-98,0.00046513,0
1,15,13,1,0,4,0,0,1,0,2,0.010526316,0,0,4.40E-13,8.10E-21,0,0.000813884,0.101219866,0,0,3.72E-189,8.54E-06,0,0.000434363,0
1,7,5,1,0,4,0,0,1,0,2,0.747368421,0,0,4.40E-13,0.001630687,0,0.000813884,0.804821377,0,0,3.72E-189,4.09E-05,0,0.000434363,0
1,6,4,1,0,4,0,0,1,0,2,0.031578947,0,0,4.40E-13,-2.85E-21,0,0.000813884,0.036741214,0,0,3.72E-189,2.02E-06,0,0.000434363,0
1,7,5,1,0,4,0,0,1,0,2,0.694736842,0,0,4.40E-13,0.001630687,0,0.000813884,0.79109788,0,0,3.72E-189,0.000363978,0,0.000434363,0
1,6,4,1,0,4,0,0,1,0,2,0.2,0,0,4.40E-13,-9.42E-21,0,0.000813884,0.119735696,0,0,3.72E-189,4.75E-05,0,0.000434363,0
1,6,4,1,0,4,0,0,1,0,2,0.2,0,0,4.40E-13,1.10E-21,0,0.000813884,0.119735696,0,0,3.72E-189,4.75E-05,0,0.000434363,0
1,7,5,1,0,4,0,0,1,0,2,0.126315789,0,0,4.40E-13,-2.32E-20,0,0.000813884,0.069779262,0,0,3.72E-189,5.16E-06,0,0.000434363,0
1,9,7,1,0,4,0,0,1,0,2,0.663157895,0,0,4.40E-13,0.001630687,0,0.000813884,0.619735696,0,0,3.72E-189,0.000141501,0,0.000434363,0
1,10,8,1,0,4,0,0,1,0,2,0.673684211,0,0,4.40E-13,0.001630923,0,0.000813884,0.75334011,0,0,3.72E-189,0.000525066,0,0.000434363,0
1,6,4,1,0,4,0,0,1,0,2,0.705263158,0,0,4.40E-13,0.001630687,0,0.000813884,0.809395876,0,0,3.72E-189,4.09E-05,0,0.000434363,0
1,9,7,1,0,4,0,0,1,0,2,0.6,0,0,4.40E-13,0.001761771,0,0.000813884,0.756244554,0,0,3.72E-189,0.000420819,0,0.000434363,0
1,7,5,1,0,4,0,0,1,0,2,0.778947368,0,0,4.40E-13,0.001630687,0,0.000813884,0.803659599,0,0,3.72E-189,4.09E-05,0,0.000434363,0
1,6,4,1,0,4,0,0,1,0,2,0.778947368,0,0,4.40E-13,0.020874469,0,0.000813884,0.802715655,0,0,3.72E-189,8.17E-05,0,0.000434363,0
1,9,7,1,0,4,0,0,1,0,2,0.589473684,0,0,4.40E-13,0.001630687,0,0.000813884,0.854342143,0,0,3.72E-189,0.001016237,0,0.000434363,0
1,9,7,1,0,4,0,0,1,0,2,0.673684211,0,0,4.40E-13,0.001630687,0,0.000813884,0.758785942,0,0,3.72E-189,9.53E-05,0,0.000434363,0
1,6,4,1,0,4,0,0,1,0,2,0.705263158,0,0,4.40E-13,0.001630687,0,0.000813884,0.806128376,0,0,3.72E-189,5.22E-05,0,0.000434363,0
1,6,4,1,0,4,0,0,1,0,2,0.031578947,0,0,4.40E-13,2.46E-21,0,0.000813884,0.048794656,0,0,3.72E-189,9.91E-151,0,0.000434363,0
1,8,6,1,0,4,0,0,1,0,2,0.589473684,0,0,4.40E-13,0.001630687,0,0.000813884,0.659381353,0,0,3.72E-189,0.002151885,0,0.000434363,0
1,10,8,1,0,4,0,0,1,0,2,0.052631579,0,0,4.40E-13,3.35E-05,0,0.000813884,0.07624165,0,0,3.72E-189,3.53E-07,0,0.000434363,0
1,12,10,1,0,4,0,0,1,0,2,0.610526316,0,0,4.40E-13,0.001630687,0,0.000813884,0.820577984,0,0,3.72E-189,0.001108079,0,0.000434363,0
1,9,7,1,0,4,0,0,1,0,2,0.031578947,0,0,4.40E-13,-3.95E-22,0,0.000813884,0.125471972,0,0,3.72E-189,0.001128424,0,0.000434363,0
1,8,6,1,0,4,0,0,1,0,2,0.031578947,0,0,4.40E-13,7.47E-21,0,0.000813884,0.002178333,0,0,3.72E-189,2.72E-06,0,0.000434363,0
1,9,7,1,0,4,0,0,1,0,2,0.031578947,0,0,4.40E-13,7.89E-21,0,0.000813884,0.168748185,0,0,3.72E-189,0.001990209,0,0.000434363,0
1,10,8,1,0,4,0,0,1,0,2,0.589473684,0,0,4.40E-13,0.001630687,0,0.000813884,0.657057798,0,0,3.72E-189,0.001012753,0,0.000434363,0
1,9,7,1,0,4,0,0,1,0,2,0.621052632,0,0,4.40E-13,0.001630687,0,0.000813884,0.731266337,0,0,3.72E-189,0.000206513,0,0.000434363,0
1,9,7,1,0,4,0,0,1,0,2,0.589473684,0,0,4.40E-13,0.001630687,0,0.000813884,0.854559977,0,0,3.72E-189,0.000996226,0,0.000434363,0
1,11,9,1,0,4,0,0,1,0,2,0.105263158,0,0,4.40E-13,1.87E-21,0,0.000813884,0.058669765,0,0,3.72E-189,9.97E-06,0,0.000434363,0
1,7,5,1,0,4,0,0,1,0,2,0.621052632,0,0,4.40E-13,0.001647356,0,0.000813884,0.65320941,0,0,3.72E-189,0.000132834,0,0.000434363,0
1,53,51,1,0,4,0,0,1,0,2,0.610526316,0,0,4.40E-13,0.001630687,0,0.000813884,0.780932326,0,0,3.72E-189,2.95E-05,0,0.000434363,0
1,6,4,1,0,4,0,0,1,0,2,0.105263158,0,0,4.40E-13,-2.39E-21,0,0.000813884,0.123075806,0,0,3.72E-189,0.000193294,0,0.000434363,0
1,7,5,1,0,4,0,0,1,0,2,0.621052632,0,0,4.40E-13,0.001630687,0,0.000813884,0.808814987,0,0,3.72E-189,4.09E-05,0,0.000434363,0
1,9,7,1,0,4,0,0,1,0,2,0.136842105,0,0,4.40E-13,0.000674233,0,0.000813884,0.056200988,0,0,3.72E-189,4.88E-05,0,0.000434363,0
1,7,5,1,0,4,0,0,1,0,2,0.757894737,0,0,4.40E-13,0.001630687,0,0.000813884,0.807217543,0,0,3.72E-189,4.09E-05,0,0.000434363,0
1,6,4,1,0,4,0,0,1,0,2,0.157894737,0,0,4.40E-13,-1.69E-22,0,0.000813884,0.06099332,0,0,3.72E-189,9.91E-151,0,0.000434363,0
1,18,16,1,0,4,0,0,1,0,2,0.136842105,0,0,4.40E-13,1.04E-20,0,0.000813884,0.056200988,0,0,3.72E-189,9.40E-05,0,0.000434363,0
1,8,6,1,0,4,0,0,1,0,2,0.031578947,0,0,4.40E-13,9.52E-21,0,0.000813884,0.121260529,0,0,3.72E-189,0.000805402,0,0.000434363,0
1,7,5,1,0,4,0,0,1,0,2,0.705263158,0,0,4.40E-13,0.001630687,0,0.000813884,0.806055765,0,0,3.72E-189,4.09E-05,0,0.000434363,0
1,8,6,1,0,4,0,0,1,0,2,0.621052632,0,0,4.40E-13,0.001630687,0,0.000813884,0.803586988,0,0,3.72E-189,4.83E-05,0,0.000434363,0
1,9,7,1,0,4,0,0,1,0,2,0.621052632,0,0,4.40E-13,0.001631164,0,0.000813884,0.802933488,0,0,3.72E-189,5.40E-05,0,0.000434363,0
1,6,4,1,0,4,0,0,1,0,2,0.705263158,0,0,4.40E-13,0.001630687,0,0.000813884,0.80569271,0,0,3.72E-189,4.09E-05,0,0.000434363,0
1,6,4,1,0,4,0,0,1,0,2,0.031578947,0,0,4.40E-13,2.48E-21,0,0.000813884,0.036741214,0,0,3.72E-189,5.45E-06,0,0.000434363,0
1,8,6,1,0,4,0,0,1,0,2,0.031578947,0,0,4.40E-13,2.12E-20,0,0.000813884,0.129610805,0,0,3.72E-189,0.000207799,0,0.000434363,0
1,19,17,1,0,4,0,0,1,0,2,0.315789474,0,0,4.40E-13,2.85E-06,0,0.000813884,0.155024688,0,0,3.72E-189,9.29E-05,0,0.000434363,0
1,60,58,1,0,4,0,0,1,0,2,0.673684211,0,0,4.40E-13,0.001633705,0,0.000813884,0.931745571,0,0,3.72E-189,0.000589857,0,0.000434363,0
1,8,6,1,0,4,0,0,1,0,2,0.031578947,0,0,4.40E-13,-6.94E-22,0,0.000813884,0.10877142,0,0,3.72E-189,0.001098173,0,0.000434363,0
0,2,2,0,0,2,0,0,0,0,2,0,0,0,4.40E-13,0,0,0.000813884,0,0,0,3.72E-189,0,0,0.000434363,0
1,6,4,1,0,4,0,0,1,0,2,0.652631579,0,0,4.40E-13,0.001630687,0,0.000813884,0.809904153,0,0,3.72E-189,4.09E-05,0,0.000434363,0
1,19,17,1,0,4,0,0,1,0,2,0.484210526,0,0,4.40E-13,0.001710572,0,0.000813884,0.873584084,0,0,3.72E-189,0.000308543,0,0.000434363,0
0,2,2,0,0,2,0,0,0,0,2,0,0,0,4.40E-13,0,0,0.000813884,0,0,0.000153468,5.50E-186,0,1.40E-98,0.00046513,0
1,8,6,1,0,4,0,0,1,0,2,0.031578947,0,0,4.40E-13,-5.63E-21,0,0.000813884,0.013142608,0,0,3.72E-189,9.91E-151,0,0.000434363,0
1,8,6,1,0,4,0,0,1,0,2,0.010526316,0,0,4.40E-13,-1.30E-20,0,0.000813884,0.141954691,0,0,3.72E-189,0.000153348,0,0.000434363,0
0,2,2,0,0,2,0,0,0,0,2,0.010526316,0,0,4.40E-13,0.002660204,0,0.000813884,0,0,0,3.72E-189,0,0,0.000434363,0
1,23,21,1,0,4,0,0,1,0,2,0.010526316,0,0,4.40E-13,-9.25E-21,0,0.000813884,0.002541388,0,0,3.72E-189,2.39E-07,0,0.000434363,0
1,17,15,1,0,4,0,0,1,0,2,0.010526316,0,0,4.40E-13,-2.67E-21,0,0.000813884,0.000943944,0,0,3.72E-189,2.87E-07,0,0.000434363,0
1,17,15,1,0,4,0,0,1,0,2,0.010526316,0,0,4.40E-13,-3.52E-21,0,0.000813884,0.002541388,0,0,3.72E-189,2.87E-07,0,0.000434363,0
0,2,2,0,0,2,0,0,0,0,2,0,0,0,4.40E-13,0,0,0.000813884,0,0,0.000153468,5.50E-186,0,1.40E-98,0.00046513,0
1,8,6,1,0,4,0,0,1,0,2,0.031578947,0,0,4.40E-13,3.81E-21,0,0.000813884,0.003920999,0,0,3.72E-189,9.91E-151,0,0.000434363,0
0,2,2,0,0,2,0,0,0,0,2,0,0,0,4.40E-13,0,0,0.000813884,0,0,0,3.72E-189,0,0,0.000434363,0
0,2,2,0,0,2,0,0,0,0,2,0,0,0,4.40E-13,0,0,0.000813884,0,0,0.000153468,5.50E-186,0,1.40E-98,0.00046513,0
1,38,36,1,0,4,0,0,1,0,2,0.010526316,0,0,4.40E-13,1.75E-21,0,0.000813884,0.002686611,0,0,3.72E-189,5.44E-05,0,0.000434363,0
1,7,5,1,0,4,0,0,1,0,2,0.010526316,0,0,4.40E-13,5.69E-21,0,0.000813884,0.001597444,0,0,3.72E-189,2.36E-05,0,0.000434363,0
1,10,8,1,0,4,0,0,1,0,2,0.031578947,0,0,4.40E-13,4.07E-21,0,0.000813884,0.004429277,0,0,3.72E-189,3.96E-05,0,0.000434363,0
1,6,4,1,0,4,0,0,1,0,2,0.568421053,0,0,4.40E-13,0.001630687,0,0.000813884,0.7977781,0,0,3.72E-189,8.54E-05,0,0.000434363,0
1,7,5,1,0,4,0,0,1,0,2,0.010526316,0,0,4.40E-13,2.43E-21,0,0.000813884,0.071158873,0,0,3.72E-189,4.13E-05,0,0.000434363,0
1,14,12,1,0,4,0,0,1,0,2,0.031578947,0,0,4.40E-13,4.12E-05,0,0.000813884,0.099985478,0,0,3.72E-189,0.000388081,0,0.000434363,0
1,8,6,1,0,4,0,0,1,0,2,0.010526316,0,0,4.40E-13,2.01E-20,0,0.000813884,0.000943944,0,0,3.72E-189,2.25E-05,0,0.000434363,0
1,12,10,1,0,4,0,0,1,0,2,0.010526316,0,0,4.40E-13,4.53E-06,0,0.000813884,0.000943944,0,0,3.72E-189,0.000155433,0,0.000434363,0
1,27,25,1,0,4,0,0,1,0,2,0.010526316,0,0,4.40E-13,3.29E-20,0,0.000813884,0.000290444,0,0,3.72E-189,3.70E-05,0,0.000434363,0
1,10,8,1,0,4,0,0,1,0,2,0.105263158,0,0,4.40E-13,2.71E-20,0,0.000813884,0.076749927,0,0,3.72E-189,9.91E-151,0,0.000434363,0
1,12,10,1,0,4,0,0,1,0,2,0.536842105,0,0,4.40E-13,0.001710572,0,0.000813884,0.810630264,0,0,3.72E-189,9.88E-05,0,0.000434363,0
1,9,7,1,0,4,0,0,1,0,2,0.063157895,0,0,4.40E-13,1.05E-21,0,0.000813884,0.132878304,0,0,3.72E-189,9.91E-151,0,0.000434363,0
1,10,8,1,0,4,0,0,1,0,2,0.526315789,0,0,4.40E-13,0.001631928,0,0.000813884,0.801989544,0,0,3.72E-189,7.07E-05,0,0.000434363,0
1,10,8,1,0,4,0,0,1,0,2,0.010526316,0,0,4.40E-13,-1.16E-20,0,0.000813884,0.000943944,0,0,3.72E-189,3.38E-05,0,0.000434363,0
1,7,5,1,0,4,0,0,1,0,2,0.663157895,0,0,4.40E-13,0.001652382,0,0.000813884,0.807653209,0,0,3.72E-189,4.09E-05,0,0.000434363,0
1,8,6,1,0,4,0,0,1,0,2,0.010526316,0,0,4.40E-13,-2.86E-20,0,0.000813884,0.00334011,0,0,3.72E-189,0.000658974,0,0.000434363,0
1,8,6,1,0,4,0,0,1,0,2,0.063157895,0,0,4.40E-13,3.68E-20,0,0.000813884,0.09018298,0,0,3.72E-189,2.74E-05,0,0.000434363,0
1,12,10,1,0,4,0,0,1,0,2,0.031578947,0,0,4.40E-13,8.40E-21,0,0.000813884,0.17506535,0,0,3.72E-189,0.000114985,0,0.000434363,0
1,6,4,1,0,4,0,0,1,0,2,0.589473684,0,0,4.40E-13,0.001630687,0,0.000813884,0.811065931,0,0,3.72E-189,5.21E-05,0,0.000434363,0
1,12,10,1,0,4,0,0,1,0,2,0.010526316,0,0,4.40E-13,0.009507649,0,0.000813884,0.008422887,0,0,3.72E-189,4.43E-05,0,0.000434363,0
1,13,11,1,0,4,0,0,1,0,2,0.010526316,0,0,4.40E-13,0.009507649,0,0.000813884,0.008422887,0,0,3.72E-189,2.82E-05,0,0.000434363,0
1,11,9,1,0,4,0,0,1,0,2,0.010526316,0,0,4.40E-13,4.12E-05,0,0.000813884,0.061065931,0,0,3.72E-189,0.000208032,0,0.000434363,0
1,14,12,1,0,4,0,0,1,0,2,0.589473684,0,0,4.40E-13,0.001919602,0,0.000813884,0.715291897,0,0,3.72E-189,0.005910436,0,0.000434363,0
1,18,16,1,0,4,0,0,1,0,2,0.610526316,0,0,4.40E-13,0.001630687,0,0.000813884,0.788556491,0,0,3.72E-189,0.000758428,0,0.000434363,0
1,15,13,1,0,4,0,0,1,0,2,0.589473684,0,0,4.40E-13,0.001630687,0,0.000813884,0.6498693,0,0,3.72E-189,7.40E-05,0,0.000434363,0
1,28,26,1,0,4,0,0,1,0,2,0.589473684,0,0,4.40E-13,0.001630687,0,0.000813884,0.752541388,0,0,3.72E-189,0.000882968,0,0.000434363,0
1,7,5,1,0,4,0,0,1,0,2,0.652631579,0,0,4.40E-13,0.001630687,0,0.000813884,0.807653209,0,0,3.72E-189,4.09E-05,0,0.000434363,0
1,15,13,1,0,4,0,0,1,0,2,0.010526316,0,0,4.40E-13,0.000103545,0,0.000813884,0.054095266,0,0,3.72E-189,9.08E-05,0,0.000434363,0
1,16,14,1,0,4,0,0,1,0,2,0.589473684,0,0,4.40E-13,0.001630687,0,0.000813884,0.721028173,0,0,3.72E-189,0.000696352,0,0.000434363,0
0,2,2,0,0,2,0,0,0,0,2,0,0,0,4.40E-13,0,0,0.000813884,0,0,0,3.72E-189,0,0,0.000434363,0
1,11,9,1,0,4,0,0,1,0,2,0.010526316,0,0,4.40E-13,3.81E-20,0,0.000813884,0.000508278,0,0,3.72E-189,1.39E-05,0,0.000434363,0
0,2,2,0,0,2,0,0,0,0,2,0,0,0,4.40E-13,0,0,0.000813884,0.010455998,0,0,3.72E-189,3.08E-99,0,0.000434363,0
1,5,3,1,1,5,71,0,1,0,3,0.368421053,0.003953368,0.130755064,1.16E-09,2.46E-05,0.037093509,0.024845471,0.633604415,0.054591306,0.014393193,2.95E-184,4.39E-05,0.000973621,0.008507047,0
0,8,8,0,0,5,1,1,0,1,10,0.010526316,3.40E-06,0.001841621,1.67E-11,4.49E-21,-1.30E-19,0.001505441,0.006534999,2.04E-05,0.000141663,5.96E-186,0.00016553,4.99E-149,0.000803567,0
1,4,4,0,1,3,1,1,1,1,2,0,0,0.001841621,1.67E-11,0,-2.99E-19,0.001505441,0,0,0.000663525,4.37E-180,0,9.66E-06,0.002275165,0
1,26,26,1,2,6,1,1,1,1,23,0,0,0.001841621,1.67E-11,0,-2.13E-19,0.001505441,0.0006535,1.02E-05,0.000295975,5.46E-183,1.33E-07,1.20E-05,0.000993295,0
1,14,14,0,2,4,1,1,1,1,14,0,0,0.001841621,1.67E-11,0,-6.14E-20,0.001505441,0,0,0.000267332,6.55E-183,0,1.44E-05,0.001031241,0
1,15,15,0,1,5,1,1,1,1,12,0,0,0.001841621,1.67E-11,0,-8.10E-20,0.001505441,0.0006535,3.40E-06,0.000267332,6.55E-183,1.33E-07,1.44E-05,0.001031241,0
0,8,8,0,0,5,1,1,0,1,10,0.010526316,3.40E-06,0.001841621,1.67E-11,4.49E-21,8.77E-20,0.001505441,0.001089166,6.80E-06,0.000141663,5.96E-186,0.000164459,4.99E-149,0.000803567,0
4,48,45,1,13,6,1,1,0,1,19,0,0,0.001841621,1.67E-11,0,4.02E-20,0.001505441,0,0,0.005130205,6.38E-11,0,0.000961092,0.000824411,0
2,4,3,1,2,1,1,1,1,1,2,0,0,0.001841621,1.67E-11,0,1.31E-19,0.001505441,0,0,0.005603455,6.31E-10,0,0.000702231,0.001006668,0
3,11,8,0,1,5,2,0,1,0,11,0,0,0.004910988,6.19E-10,0,1.03E-19,0.003372748,0.0006535,0.000114393,0.036625456,2.62E-08,7.96E-06,0.035848006,0.037677506,0
2,1,0,0,0,2,1,1,2,0,2,0,0,0.002455494,3.10E-10,0,5.06E-20,0.002093316,0,0,0.004090689,7.90E-10,0,1.18E-92,0.00128507,0
1,6,6,0,1,3,1,1,1,1,6,0.010526316,3.40E-06,0.001841621,1.67E-11,2.20E-21,9.37E-20,0.001505441,0.003412721,0.00054705,0.011363163,4.61E-10,8.47E-94,0.003694928,0.001000869,0
1,2,2,0,0,4,1,1,1,1,2,0,0,0.001841621,1.67E-11,0,0.000445709,0.001159663,0.08023526,0,0.000177506,5.39E-179,8.19E-05,0.002268865,0.000646444,0
1,3,3,0,0,5,1,1,1,1,2,0,0,0.001841621,1.67E-11,0,5.60E-20,0.001505441,0.038120825,0.000115526,0.000183303,4.94E-179,0.000351243,0.002077467,0.00085605,0
1,13,12,0,0,11,3,1,1,2,14,0.010526316,0.000305804,0.060794568,0.211623483,4.95E-07,0.000948051,0.004230325,0.06694743,0.000115526,0.002354498,4.30E-09,7.38E-05,0.019521217,0.001696279,0
3,5,5,0,3,3,1,1,1,1,4,0,0,0.001841621,1.67E-11,0,4.63E-19,0.001505441,0,0,0.000219078,2.69E-179,0,0.001133164,0.000832194,0
2,9,9,1,2,7,3,3,2,4,9,0,0,0.007519951,4.35E-09,0,0.000104381,0.002396531,0,0,0.002043476,1.65E-172,0,0.007818587,0.001238915,0
4,23,22,0,0,2,1,1,0,1,28,0,0,0.001841621,1.67E-11,0,7.57E-19,0.001505441,0,0,0.014182763,3.88E-10,0,0.006050294,0.005194122,0
9,8,6,0,1,6,1,1,1,1,6,0.052631579,1.36E-05,0.001841621,1.67E-11,0.002790051,6.24E-19,0.001505441,0.043711879,0.000115526,0.000141663,5.96E-186,0.002271603,4.99E-149,0.000803567,0
5,2,0,0,0,1,1,0,1,1,1,0,0,0.002455494,3.10E-10,0,0.000762594,0.001240362,0.04378449,0,9.82E-05,1.13E-182,0.001271364,0.000340929,0.000799426,0
6,10,9,0,1,5,3,2,3,5,16,0,0,0.064927064,0.211623493,0,0.002284694,0.003818371,0.001524833,3.74E-05,0.006274242,1.20E-09,0.000328918,0.004296488,0.001662605,0
1,4,2,0,3,5,0,0,1,1,3,0,0,0,4.40E-13,0,0,0.000813884,0.061356375,0,0.000120762,8.73E-183,0.001035238,0.000229297,0.000618548,0
0,2,0,0,0,1,0,0,0,0,0,0,0,0,4.40E-13,0,0,0.000813884,0,0,0.000210471,4.00E-183,0,0.000105094,0.000518781,0
1,16,7,0,3,14,1,1,1,1,23,0.031578947,6.80E-06,0.001841621,1.67E-11,8.40E-21,2.42E-20,0.001505441,0.079073482,0.000190278,0.000141663,5.96E-186,0.001973409,4.99E-149,0.000803567,0
6,12,12,0,0,7,4,0,1,6,10,0,0,0.068313822,0.423321207,0,0.001874414,0.005147296,0.001597444,0,0.007886806,9.77E-10,2.93E-05,0.003462372,0.003311695,0
4,6,6,0,2,3,2,2,2,3,7,0,0,0.049109883,0.211697709,0,0.000474274,0.002241044,0,0,0.001660464,4.33E-09,0,0.000102636,0.001058326,0
3,8,8,0,0,6,1,1,1,1,10,0,0,0.001841621,1.67E-11,0,-2.67E-19,0.001505441,0,0,0.000196113,4.04E-179,0,0.001699746,0.000846508,0
0,3,3,0,1,3,1,1,0,1,2,0.052631579,1.02E-05,0.001841621,1.67E-11,6.78E-05,0.000451639,0.001044403,0.030641882,7.98E-05,0.007342194,3.46E-10,0.001127797,0.001381422,0.00068607,0
2,4,4,0,1,3,1,1,1,1,2,0,0,0.001841621,1.67E-11,0,-6.59E-19,0.001505441,0,0,0.009005855,5.95E-10,0,5.72E-05,0.00126947,0
0,5,4,0,0,4,1,1,0,1,7,0.031578947,6.80E-06,0.001841621,1.67E-11,8.40E-21,8.47E-19,0.001505441,0.057144932,0.000115526,0.007432654,3.46E-10,0.000237979,0.001380578,0.000837109,0
3,17,13,3,6,6,4,1,2,1,18,0.010526316,2.38E-05,0.009023941,9.44E-10,2.56E-21,1.93E-19,0.005343737,0.054095266,0.000132515,0.008010529,6.11E-10,0.000258155,0.001534516,0.002156393,0
1,6,2,1,2,3,1,1,1,1,4,0.010526316,3.40E-06,0.001841621,1.67E-11,-5.50E-21,0.000445709,0.001159663,0.002831833,6.80E-06,0.006982485,3.46E-10,6.37E-05,0.001948004,0.000700384,0
2,11,8,0,0,8,38,1,2,40,8,0,0,0.116950048,7.90E-06,0,0.218870722,0.022256095,0.003703166,0.000498623,0.056234802,2.25E-09,0.000660368,0.002230635,0.02013629,0
3,16,9,0,0,7,38,1,2,40,7,0,0,0.116950048,7.90E-06,0,0.218870722,0.022256095,0.003703166,0.000491827,0.056216824,2.25E-09,0.000660368,0.001417501,0.020045136,0
2,9,9,1,1,5,3,2,2,5,10,0,0,0.06056341,0.211623483,0,0.00094911,0.004164055,0.111167586,0,0.003848315,1.19E-09,0.000710403,0.004783293,0.001192342,0
4,16,13,4,6,4,49,1,2,1,7,0.010526316,0.000315998,0.111385852,4.73E-08,-3.57E-20,0.007096658,0.034485394,0.030569271,0.001683541,0.010703851,4.99E-09,0.003318489,0.058408184,0.007558504,0
3,19,15,3,5,9,1,1,2,1,17,0.042105263,1.36E-05,0.001841621,1.67E-11,5.14E-07,0.000445709,0.001159663,0.036813825,0.000250873,0.004480112,8.68E-09,0.004131312,0.03509701,0.001570681,0
2,20,17,3,4,9,1,1,2,1,20,0.010526316,3.40E-06,0.001841621,1.67E-11,3.90E-21,0.000445709,0.001159663,0.027011327,5.01E-05,0.005573072,1.13E-10,0.003563617,0.000764927,0.000621014,0
2,31,27,5,7,9,1,1,2,1,24,0.031578947,1.02E-05,0.001841621,1.67E-11,1.27E-06,0.000445709,0.001159663,0.031222771,5.78E-05,0.005556909,1.13E-10,0.005555832,0.008672265,0.001656175,0
0,3,3,0,1,3,1,1,0,1,2,0.052631579,1.02E-05,0.001841621,1.67E-11,6.78E-05,0.000445709,0.001159663,0.030641882,7.98E-05,0.007342194,3.46E-10,0.001127797,0.001381422,0.00068607,0
4,19,14,0,5,3,5,4,1,8,12,0,0,0.067944046,0.211623494,0,0.002383656,0.004821146,0.02388905,0.000712119,0.043687937,9.40E-09,0.002887812,0.004566842,0.002407325,0
1,15,13,4,6,3,1,1,1,1,8,0.010526316,3.40E-06,0.001841621,1.67E-11,-3.57E-20,0.000445709,0.001159663,0.019532385,0,3.18E-05,2.66E-185,0.002509647,0.000195536,0.000612812,0
3,7,6,0,4,2,1,1,2,1,13,0,0,0.001841621,1.67E-11,0,8.77E-19,0.001505441,0,0,0.00811857,3.82E-10,0,0.001300657,0.001018643,0
0,3,3,0,1,2,1,0,0,0,2,0,0,0.005099873,7.73E-09,0,6.23E-06,0.001167358,0,0,0.006832272,7.25E-11,0,0.001296462,0.000454817,0
0,1,1,0,1,3,1,0,0,0,2,0,0,0,4.40E-13,0,0,0.000813884,0.000871333,0.000268428,0.00316241,2.94E-172,6.08E-203,9.94E-201,0.000949828,0
10,1,1,0,1,4,3,1,10,17,4,0,0,0.00621547,6.93E-08,0,0.005259829,0.00132748,0.004574499,6.80E-06,0.003594781,3.08E-168,1.28E-06,0.001312785,0.001149103,0
0,0,0,0,0,0,10,0,0,9,0,0,0,0,4.40E-13,0,0,0.000813884,0,0,0.004444913,7.98E-167,0,3.09E-06,0.002566459,0
0,12,12,2,5,2,5,2,0,7,3,0,0,0.001841621,1.67E-11,0,2.85E-20,0.001505441,0,0,0.002973963,3.69E-47,0,0.002826963,0.001963313,0
0,6,6,0,1,3,4,2,0,6,4,0,0,0.001841621,1.67E-11,0,1.48E-05,0.001159663,0.000580889,3.40E-06,0.002998976,6.24E-47,2.59E-05,5.82E-06,0.001325331,0
0,2,2,0,1,3,1,0,0,0,2,0,0,0,4.40E-13,0,0,0.000813884,0.000290444,6.80E-06,0.002978376,1.96E-170,1.89E-08,9.94E-201,0.001241691,0
0,1,1,0,1,2,5,0,0,0,1,0,0,0.009208103,8.18E-11,0,3.62E-06,0.002542775,0.02984316,0.000513071,0.002302026,9.17E-186,0.000508546,2.17E-06,0.000966495,0
0,0,0,0,0,1,1,0,0,0,0,0,0,0.001841621,1.67E-11,0,0.007402047,0.000900329,0.001742666,0.000523265,0.003379439,3.73E-174,6.08E-203,0.0001525,0.000606439,0
0,4,4,1,1,2,3,2,0,4,2,0,0,0.002455494,0.060459205,0,1.50E-05,0.001375554,0.001161778,0.000275224,0.003159038,1.64E-47,4.04E-08,4.64E-06,0.000823477,0
0,2,2,1,1,1,2,0,0,0,2,0,0,0.007366483,7.67E-08,0,-2.66E-19,0.003948343,0.03579727,0.000231052,0.00267557,7.42E-174,1.49E-05,2.31E-06,0.000783405,0
3,8,8,0,2,3,10,2,0,11,7,0,0,0.013368802,0.211607222,0,6.24E-05,0.003068537,0.035071159,0.000961414,0.010357821,1.31E-09,0.000927818,0.001990299,0.001471976,0
0,3,3,0,0,1,7,1,0,15,3,0,0,0,4.40E-13,0,0,0.000813884,0.058451931,0.000332987,0.010254012,1.86E-09,3.56E-06,0.001786992,0.001368331,0
0,3,3,1,1,2,5,1,0,9,2,0,0,0.002455494,3.10E-10,0,0.006932717,0.001027123,0.030133604,0.000295611,0.003709627,2.52E-111,0.000516621,0.000246255,0.001553833,0
0,5,5,1,1,6,5,1,0,8,10,0,0,0.005115613,4.04E-09,0,0.010647598,0.001833683,0.032892826,3.68E-05,0.00370097,3.56E-111,2.02E-06,0.001320117,0.001667898,0
0,2,2,1,1,1,0,0,0,0,2,0,0,0,4.40E-13,0,0,0.000813884,0.02984316,0,0,3.72E-189,0.000508546,0,0.000434363,0
0,2,2,0,0,5,2,2,0,4,2,0,0,0.002762431,3.73E-09,0,0.005259829,0.001165337,0.004429277,2.04E-05,0.004253137,6.17E-43,1.27E-06,0.000818073,0.000953254,0
0,20,20,1,2,4,20,7,0,40,13,0,0,0.006547984,1.14E-08,0,0.006091223,0.001588947,0.040589602,7.48E-05,0.055746633,8.28E-09,0.001704812,0.020691412,0.01258795,0
0,7,7,0,0,7,21,9,0,44,8,0,0,0.010861803,1.45E-07,0,0.005259829,0.003488193,0.024324717,0.000853817,0.056288149,8.71E-09,0.00044539,0.010242855,0.010854633,0
0,0,0,0,0,0,8,0,0,7,0,0,0,0.001841621,1.67E-11,0,3.30E-19,0.001505441,0,0,0.055922023,4.86E-09,0,0.000463063,0.003760513,0
0,37,37,1,3,11,27,6,0,63,46,0,0,0.003683241,4.02E-09,0,0.000937048,0.001421763,0.044510601,0.003215369,0.05100072,1.45E-08,0.006786827,0.030848972,0.014363566,1
0,3,3,0,0,1,5,1,0,4,3,0,0,0.001841621,1.67E-11,0,5.93E-06,0.001159663,0.065713041,0.001184708,0.044499232,1.10E-08,1.37E-05,0.000593262,0.003433162,0
0,9,9,0,1,6,63,6,0,78,8,0,0,0.06638294,0.211623494,0,0.001873816,0.00389907,0.024905606,0.005982613,0.049023765,3.90E-08,0.000785239,0.020704166,0.010128672,1
0,48,48,6,11,19,109,12,0,221,46,0,0,0.007366483,8.04E-09,0,1.22E-05,0.001660105,0.015466163,0.01713479,0.052033224,5.94E-08,0.0030839,0.074946926,0.038867526,1
1,42,42,3,7,19,107,28,1,304,39,0,0,0.039419304,3.87E-06,0,0.005995669,0.001699607,0.02054894,0.019791365,0.06419003,8.49E-08,0.000444512,0.083137675,0.113761845,1
0,5,5,0,0,2,15,1,0,22,5,0,0,0.02929851,7.49E-08,0,0.039456669,0.003598226,0.059178042,0.001256345,0.052782958,3.59E-08,0.00015628,0.00880612,0.033026077,0
0,3,3,0,1,1,32,2,0,78,1,0,0,0.009821977,1.24E-09,0,-1.23E-19,0.005637675,0.024615161,0.004657516,0.053807783,6.70E-08,0.000254273,0.017340513,0.039645287,0
0,2,2,0,2,2,4,0,0,3,3,0,0,0.002455494,3.10E-10,0,-1.00E-19,0.002093316,0,0,0.046715911,4.65E-09,0,0.000446938,0.001579561,0
0,1,1,0,0,1,6,0,0,6,1,0,0,0.028496656,4.97E-07,0,1.44E-07,0.006316585,0.019677607,0.000773523,0.044995553,1.81E-08,0.000229222,0.001157415,0.004720922,0
0,3,3,0,0,3,5,0,0,3,3,0,0,0.004910988,6.19E-10,0,-7.31E-20,0.002784873,0.019677607,0.005215807,0.055678459,6.32E-09,0.00029264,0.000284424,0.005943791,0
1,14,14,1,2,8,15,2,0,24,13,0,0,0.020888752,4.72E-07,0,8.98E-20,0.009946952,0.018225385,0.013129203,0.059492906,5.90E-09,0.001332471,0.003738415,0.011922422,1
0,4,4,0,1,2,26,2,0,27,2,0,0,0.004910988,6.19E-10,0,-1.02E-19,0.003078811,0.022436828,0.00635699,0.059106732,6.46E-09,1.14E-05,0.002207902,0.007732884,0
0,1,1,0,0,5,18,5,0,29,2,0,0,0.010655091,5.47E-07,0,0.005388556,0.001771841,0.024324717,0.000507238,0.056268273,6.69E-09,0.000255538,0.000794091,0.009754307,0
0,1,1,0,0,3,10,2,0,11,2,0,0,0.01559961,1.58E-09,0,-1.41E-18,0.00830022,0.019677607,0.000200472,0.041192129,8.95E-09,0.000229222,0.002558709,0.004532605,0
0,3,3,0,2,1,4,1,0,6,2,0,0,0.002455494,3.10E-10,0,-1.62E-19,0.002093316,0,0,0.042363307,8.91E-09,0,0.001518669,0.003494086,0
0,17,17,3,4,5,15,9,0,33,10,0,0,0.032196165,5.84E-07,0,3.52E-07,0.015710005,0.025050828,0.00423737,0.051611903,1.10E-08,0.000171718,0.019286178,0.004305181,1
0,6,6,0,0,1,5,0,0,8,6,0,0,0.049831225,0.21169771,0,2.86E-05,0.002223764,0,0,0.040935392,2.41E-09,0,0.000380746,0.002396586,0
0,3,3,0,0,2,6,0,0,10,4,0,0,0,4.40E-13,0,0,0.000813884,0.032892826,0,0.039297595,7.68E-09,0.000916887,0.002867603,0.002670055,0
0,9,9,1,3,4,9,3,0,17,7,0,0,0.008287293,8.33E-09,0,0.015336886,0.001439189,0.033909381,8.83E-05,0.055445981,6.24E-09,0.000762818,0.009087186,0.006464285,0
0,1,1,0,0,0,3,1,0,1,0,0,0,0.004910988,6.19E-10,0,0.005399417,0.001773458,0,0,0.004413064,2.59E-174,0,0.000179874,0.000914185,0
0,8,8,1,3,4,13,8,0,29,6,0,0,0.028496656,4.97E-07,0,1.44E-07,0.006316585,0.025922161,0.001764603,0.011325938,2.22E-08,0.000170914,0.002433061,0.005665527,0
0,3,3,0,0,1,6,0,0,8,3,0,0,0.048810728,0.21169762,0,1.14E-05,0.005174208,0,0,0.01041629,1.03E-08,0,0.000249356,0.003145145,0
0,2,2,0,0,1,4,1,0,2,2,0,0,0.064463299,0.211623493,0,0.00181715,0.003472593,0.000290444,0.000322793,0.009323262,1.08E-09,2.12E-05,0.000870558,0.003274037,0
0,2,2,0,0,3,11,0,0,7,2,0,0,0.012087728,5.48E-07,0,0.010713133,0.002026854,0.002977055,0.002395223,0.055419548,1.81E-08,1.12E-05,0.000206907,0.036970995,0
0,5,5,0,3,4,3,1,0,9,6,0,0,0.006547984,1.14E-08,0,5.88E-20,0.005358536,0.053804821,0.000307786,0.008485483,1.53E-09,0.0001887,0.001322081,0.001422476,0
0,11,11,3,5,2,46,6,0,71,3,0,0,0.070718232,4.49E-07,0,-8.22E-19,0.031126842,0.018951496,0.006393335,0.051486833,3.14E-08,0.000335292,0.017339818,0.011372269,0
0,1,1,0,0,0,3,0,0,2,0,0,0,0.002455494,3.10E-10,0,-1.27E-19,0.001799379,0,0,0.007381245,3.58E-10,0,0.001729877,0.000537958,0
0,1,1,0,1,1,3,1,0,3,1,0,0,0.064463299,0.211623493,0,0.00181715,0.003472593,0,0,0.0086992,4.06E-10,0,0.000870492,0.00076092,0
